model_id,prefix_tokens,dataset,context_length,layer,participation_ratio,effective_rank
meta-llama/Meta-Llama-3-8B-Instruct,10,alpaca,100,1,0.0011613742113113403,0.0014902585744857788
meta-llama/Meta-Llama-3-8B-Instruct,10,alpaca,100,2,0.0010001554489135742,0.001000970721244812
meta-llama/Meta-Llama-3-8B-Instruct,10,alpaca,100,3,0.0010003358125686645,0.001001965284347534
meta-llama/Meta-Llama-3-8B-Instruct,10,alpaca,100,4,0.0010005953311920167,0.0010033137798309327
meta-llama/Meta-Llama-3-8B-Instruct,10,alpaca,100,5,0.0010008704662322998,0.001004682183265686
meta-llama/Meta-Llama-3-8B-Instruct,10,alpaca,100,6,0.0010011227130889892,0.001005893349647522
meta-llama/Meta-Llama-3-8B-Instruct,10,alpaca,100,7,0.0010013481378555297,0.0010069539546966552
meta-llama/Meta-Llama-3-8B-Instruct,10,alpaca,100,8,0.001001878261566162,0.0010093302726745606
meta-llama/Meta-Llama-3-8B-Instruct,10,alpaca,100,9,0.0010020548105239867,0.0010101346969604492
meta-llama/Meta-Llama-3-8B-Instruct,10,alpaca,100,10,0.0010020947456359864,0.0010103330612182618
meta-llama/Meta-Llama-3-8B-Instruct,10,alpaca,100,11,0.001002187967300415,0.0010107429027557374
meta-llama/Meta-Llama-3-8B-Instruct,10,alpaca,100,12,0.0010024155378341674,0.001011755108833313
meta-llama/Meta-Llama-3-8B-Instruct,10,alpaca,100,13,0.0010027683973312378,0.001013291120529175
meta-llama/Meta-Llama-3-8B-Instruct,10,alpaca,100,14,0.0010030375719070435,0.001014487624168396
meta-llama/Meta-Llama-3-8B-Instruct,10,alpaca,100,15,0.0010037802457809448,0.0010176758766174316
meta-llama/Meta-Llama-3-8B-Instruct,10,alpaca,100,16,0.0010050448179244995,0.0010227771997451782
meta-llama/Meta-Llama-3-8B-Instruct,10,alpaca,100,17,0.001006713390350342,0.0010293006896972656
meta-llama/Meta-Llama-3-8B-Instruct,10,alpaca,100,18,0.0010086389780044555,0.0010366226434707641
meta-llama/Meta-Llama-3-8B-Instruct,10,alpaca,100,19,0.0010105881690979004,0.0010439727306365966
meta-llama/Meta-Llama-3-8B-Instruct,10,alpaca,100,20,0.0010127426385879517,0.001051888108253479
meta-llama/Meta-Llama-3-8B-Instruct,10,alpaca,100,21,0.001015626072883606,0.0010623645782470703
meta-llama/Meta-Llama-3-8B-Instruct,10,alpaca,100,22,0.0010191855430603028,0.0010747219324111939
meta-llama/Meta-Llama-3-8B-Instruct,10,alpaca,100,23,0.001022441029548645,0.0010860052108764649
meta-llama/Meta-Llama-3-8B-Instruct,10,alpaca,100,24,0.0010260876417160034,0.0010983173847198486
meta-llama/Meta-Llama-3-8B-Instruct,10,alpaca,100,25,0.0010289736986160277,0.0011079756021499633
meta-llama/Meta-Llama-3-8B-Instruct,10,alpaca,100,26,0.0010331238508224487,0.0011217312812805175
meta-llama/Meta-Llama-3-8B-Instruct,10,alpaca,100,27,0.001038069248199463,0.0011380062103271485
meta-llama/Meta-Llama-3-8B-Instruct,10,alpaca,100,28,0.001043943762779236,0.0011568510532379151
meta-llama/Meta-Llama-3-8B-Instruct,10,alpaca,100,29,0.001052298903465271,0.0011838681697845458
meta-llama/Meta-Llama-3-8B-Instruct,10,alpaca,100,30,0.0010638883113861083,0.0012204136848449707
meta-llama/Meta-Llama-3-8B-Instruct,10,alpaca,100,31,0.0010848976373672486,0.0012853552103042603
meta-llama/Meta-Llama-3-8B-Instruct,10,alpaca,100,32,0.007435241222381592,0.00846232032775879
meta-llama/Meta-Llama-3-8B-Instruct,20,alpaca,100,1,0.000683298647403717,0.0011615558862686157
meta-llama/Meta-Llama-3-8B-Instruct,20,alpaca,100,2,0.0005001668334007263,0.0005010645985603332
meta-llama/Meta-Llama-3-8B-Instruct,20,alpaca,100,3,0.0005003632307052612,0.0005021765828132629
meta-llama/Meta-Llama-3-8B-Instruct,20,alpaca,100,4,0.0005006480813026428,0.000503696620464325
meta-llama/Meta-Llama-3-8B-Instruct,20,alpaca,100,5,0.0005009928941726684,0.0005054604411125183
meta-llama/Meta-Llama-3-8B-Instruct,20,alpaca,100,6,0.0005012778043746948,0.0005068666338920593
meta-llama/Meta-Llama-3-8B-Instruct,20,alpaca,100,7,0.0005015614032745361,0.0005082293748855591
meta-llama/Meta-Llama-3-8B-Instruct,20,alpaca,100,8,0.0005020531415939331,0.0005105021595954895
meta-llama/Meta-Llama-3-8B-Instruct,20,alpaca,100,9,0.0005023029446601868,0.0005116534233093262
meta-llama/Meta-Llama-3-8B-Instruct,20,alpaca,100,10,0.0005024970769882202,0.0005125746130943299
meta-llama/Meta-Llama-3-8B-Instruct,20,alpaca,100,11,0.0005026934742927552,0.000513485312461853
meta-llama/Meta-Llama-3-8B-Instruct,20,alpaca,100,12,0.0005029070973396301,0.0005144632458686829
meta-llama/Meta-Llama-3-8B-Instruct,20,alpaca,100,13,0.0005032687187194824,0.0005160724520683289
meta-llama/Meta-Llama-3-8B-Instruct,20,alpaca,100,14,0.0005036876797676087,0.0005179380774497985
meta-llama/Meta-Llama-3-8B-Instruct,20,alpaca,100,15,0.0005045248270034791,0.0005216324925422668
meta-llama/Meta-Llama-3-8B-Instruct,20,alpaca,100,16,0.0005058331489562988,0.0005271002650260925
meta-llama/Meta-Llama-3-8B-Instruct,20,alpaca,100,17,0.000507372260093689,0.0005334164500236511
meta-llama/Meta-Llama-3-8B-Instruct,20,alpaca,100,18,0.0005094506740570069,0.0005417446494102478
meta-llama/Meta-Llama-3-8B-Instruct,20,alpaca,100,19,0.0005114666223526001,0.0005497689247131348
meta-llama/Meta-Llama-3-8B-Instruct,20,alpaca,100,20,0.0005137381553649902,0.0005587466955184936
meta-llama/Meta-Llama-3-8B-Instruct,20,alpaca,100,21,0.0005165711045265198,0.0005698243379592896
meta-llama/Meta-Llama-3-8B-Instruct,20,alpaca,100,22,0.0005205867290496826,0.0005849938988685608
meta-llama/Meta-Llama-3-8B-Instruct,20,alpaca,100,23,0.0005244510769844055,0.0005995946526527405
meta-llama/Meta-Llama-3-8B-Instruct,20,alpaca,100,24,0.0005284558534622192,0.0006144516468048096
meta-llama/Meta-Llama-3-8B-Instruct,20,alpaca,100,25,0.0005316330194473267,0.0006262668967247009
meta-llama/Meta-Llama-3-8B-Instruct,20,alpaca,100,26,0.0005360239148139953,0.0006424426436424255
meta-llama/Meta-Llama-3-8B-Instruct,20,alpaca,100,27,0.0005417234301567078,0.000663314938545227
meta-llama/Meta-Llama-3-8B-Instruct,20,alpaca,100,28,0.0005481685996055603,0.0006866874098777771
meta-llama/Meta-Llama-3-8B-Instruct,20,alpaca,100,29,0.0005581333041191101,0.0007229817509651184
meta-llama/Meta-Llama-3-8B-Instruct,20,alpaca,100,30,0.0005713691711425781,0.0007709185481071472
meta-llama/Meta-Llama-3-8B-Instruct,20,alpaca,100,31,0.0005971830487251281,0.0008634508848190307
meta-llama/Meta-Llama-3-8B-Instruct,20,alpaca,100,32,0.00690173053741455,0.009202417373657226
meta-llama/Meta-Llama-3-8B-Instruct,30,alpaca,100,1,0.000538175384203593,0.0012805954615275066
meta-llama/Meta-Llama-3-8B-Instruct,30,alpaca,100,2,0.0003335091670354207,0.00033449625968933106
meta-llama/Meta-Llama-3-8B-Instruct,30,alpaca,100,3,0.0003337085247039795,0.00033567297458648684
meta-llama/Meta-Llama-3-8B-Instruct,30,alpaca,100,4,0.0003339917262395223,0.0003372530937194824
meta-llama/Meta-Llama-3-8B-Instruct,30,alpaca,100,5,0.0003343510627746582,0.00033917200565338135
meta-llama/Meta-Llama-3-8B-Instruct,30,alpaca,100,6,0.00033466347058614093,0.000340795636177063
meta-llama/Meta-Llama-3-8B-Instruct,30,alpaca,100,7,0.00033497258027394614,0.00034235743681589764
meta-llama/Meta-Llama-3-8B-Instruct,30,alpaca,100,8,0.00033547500769297284,0.0003448047240575155
meta-llama/Meta-Llama-3-8B-Instruct,30,alpaca,100,9,0.0003357467254002889,0.00034610422452290853
meta-llama/Meta-Llama-3-8B-Instruct,30,alpaca,100,10,0.0003360095818837484,0.0003474016586939494
meta-llama/Meta-Llama-3-8B-Instruct,30,alpaca,100,11,0.0003362380663553874,0.00034849798679351807
meta-llama/Meta-Llama-3-8B-Instruct,30,alpaca,100,12,0.00033647576967875165,0.0003496528466542562
meta-llama/Meta-Llama-3-8B-Instruct,30,alpaca,100,13,0.0003368709484736125,0.00035148672262827555
meta-llama/Meta-Llama-3-8B-Instruct,30,alpaca,100,14,0.0003373233079910278,0.0003535947402318319
meta-llama/Meta-Llama-3-8B-Instruct,30,alpaca,100,15,0.0003381042877833048,0.0003572523593902588
meta-llama/Meta-Llama-3-8B-Instruct,30,alpaca,100,16,0.00033940144379933677,0.00036311944325764973
meta-llama/Meta-Llama-3-8B-Instruct,30,alpaca,100,17,0.0003408704996109009,0.000369630495707194
meta-llama/Meta-Llama-3-8B-Instruct,30,alpaca,100,18,0.0003430284261703491,0.0003790353536605835
meta-llama/Meta-Llama-3-8B-Instruct,30,alpaca,100,19,0.0003450206120808919,0.0003876668214797974
meta-llama/Meta-Llama-3-8B-Instruct,30,alpaca,100,20,0.00034723444779713946,0.00039729034900665286
meta-llama/Meta-Llama-3-8B-Instruct,30,alpaca,100,21,0.00035009713967641194,0.0004097585678100586
meta-llama/Meta-Llama-3-8B-Instruct,30,alpaca,100,22,0.000354378342628479,0.0004280435641606649
meta-llama/Meta-Llama-3-8B-Instruct,30,alpaca,100,23,0.00035843559106191,0.00044549675782521564
meta-llama/Meta-Llama-3-8B-Instruct,30,alpaca,100,24,0.0003626103401184082,0.00046342047055562336
meta-llama/Meta-Llama-3-8B-Instruct,30,alpaca,100,25,0.00036612876256306967,0.0004788400332132975
meta-llama/Meta-Llama-3-8B-Instruct,30,alpaca,100,26,0.00037084575494130453,0.0004992187023162842
meta-llama/Meta-Llama-3-8B-Instruct,30,alpaca,100,27,0.00037687989075978597,0.0005252199570337931
meta-llama/Meta-Llama-3-8B-Instruct,30,alpaca,100,28,0.00038371360301971434,0.000554701844851176
meta-llama/Meta-Llama-3-8B-Instruct,30,alpaca,100,29,0.0003944011131922404,0.0006015707651774089
meta-llama/Meta-Llama-3-8B-Instruct,30,alpaca,100,30,0.00040894444783528644,0.0006662741899490357
meta-llama/Meta-Llama-3-8B-Instruct,30,alpaca,100,31,0.000437187671661377,0.0007903143564860026
meta-llama/Meta-Llama-3-8B-Instruct,30,alpaca,100,32,0.006384897867838542,0.013083264668782553
meta-llama/Meta-Llama-3-8B-Instruct,40,alpaca,100,1,0.00046938124299049377,0.0015505844354629518
meta-llama/Meta-Llama-3-8B-Instruct,40,alpaca,100,2,0.0002501801550388336,0.0002512294352054596
meta-llama/Meta-Llama-3-8B-Instruct,40,alpaca,100,3,0.0002503785789012909,0.0002524462342262268
meta-llama/Meta-Llama-3-8B-Instruct,40,alpaca,100,4,0.00025066828727722166,0.0002541308104991913
meta-llama/Meta-Llama-3-8B-Instruct,40,alpaca,100,5,0.0002510359287261963,0.00025617387890815736
meta-llama/Meta-Llama-3-8B-Instruct,40,alpaca,100,6,0.00025137770175933836,0.00025803229212760927
meta-llama/Meta-Llama-3-8B-Instruct,40,alpaca,100,7,0.00025171419978141786,0.0002598172724246979
meta-llama/Meta-Llama-3-8B-Instruct,40,alpaca,100,8,0.00025222110748291017,0.0002623964548110962
meta-llama/Meta-Llama-3-8B-Instruct,40,alpaca,100,9,0.00025250840187072753,0.00026384109258651735
meta-llama/Meta-Llama-3-8B-Instruct,40,alpaca,100,10,0.00025282275676727296,0.0002654748558998108
meta-llama/Meta-Llama-3-8B-Instruct,40,alpaca,100,11,0.000253070741891861,0.00026672017574310303
meta-llama/Meta-Llama-3-8B-Instruct,40,alpaca,100,12,0.00025332820415496825,0.0002680401504039764
meta-llama/Meta-Llama-3-8B-Instruct,40,alpaca,100,13,0.0002537660896778107,0.000270151287317276
meta-llama/Meta-Llama-3-8B-Instruct,40,alpaca,100,14,0.00025427433848381045,0.00027269598841667174
meta-llama/Meta-Llama-3-8B-Instruct,40,alpaca,100,15,0.00025507384538650513,0.00027671778202056885
meta-llama/Meta-Llama-3-8B-Instruct,40,alpaca,100,16,0.00025643005967140197,0.00028331705927848815
meta-llama/Meta-Llama-3-8B-Instruct,40,alpaca,100,17,0.00025795191526412965,0.00029065164923667907
meta-llama/Meta-Llama-3-8B-Instruct,40,alpaca,100,18,0.0002602406442165375,0.00030153229832649233
meta-llama/Meta-Llama-3-8B-Instruct,40,alpaca,100,19,0.00026232212781906127,0.00031153580546379087
meta-llama/Meta-Llama-3-8B-Instruct,40,alpaca,100,20,0.0002645801603794098,0.0003224228918552399
meta-llama/Meta-Llama-3-8B-Instruct,40,alpaca,100,21,0.00026757144927978517,0.000337077796459198
meta-llama/Meta-Llama-3-8B-Instruct,40,alpaca,100,22,0.0002721811532974243,0.00035932257771492004
meta-llama/Meta-Llama-3-8B-Instruct,40,alpaca,100,23,0.0002765350639820099,0.00038096484541893003
meta-llama/Meta-Llama-3-8B-Instruct,40,alpaca,100,24,0.0002810368537902832,0.0004036990702152252
meta-llama/Meta-Llama-3-8B-Instruct,40,alpaca,100,25,0.00028499746322631836,0.00042454960942268373
meta-llama/Meta-Llama-3-8B-Instruct,40,alpaca,100,26,0.00029024019837379454,0.0004520470201969147
meta-llama/Meta-Llama-3-8B-Instruct,40,alpaca,100,27,0.0002967454195022583,0.0004863259494304657
meta-llama/Meta-Llama-3-8B-Instruct,40,alpaca,100,28,0.0003042539358139038,0.0005265651941299439
meta-llama/Meta-Llama-3-8B-Instruct,40,alpaca,100,29,0.0003159095048904419,0.0005913478136062622
meta-llama/Meta-Llama-3-8B-Instruct,40,alpaca,100,30,0.0003319900631904602,0.000683138132095337
meta-llama/Meta-Llama-3-8B-Instruct,40,alpaca,100,31,0.0003626449704170227,0.0008581028580665588
meta-llama/Meta-Llama-3-8B-Instruct,40,alpaca,100,32,0.006716250896453857,0.020429622650146483
meta-llama/Meta-Llama-3-8B-Instruct,50,alpaca,100,1,0.0005270360852591693,0.002346660941839218
meta-llama/Meta-Llama-3-8B-Instruct,50,alpaca,100,2,0.0002443654229864478,0.0002457098162267357
meta-llama/Meta-Llama-3-8B-Instruct,50,alpaca,100,3,0.000244609807850793,0.00024725141702219844
meta-llama/Meta-Llama-3-8B-Instruct,50,alpaca,100,4,0.00024497247068211436,0.00024942331947386265
meta-llama/Meta-Llama-3-8B-Instruct,50,alpaca,100,5,0.00024543431936763227,0.00025206609279848635
meta-llama/Meta-Llama-3-8B-Instruct,50,alpaca,100,6,0.00024588408996351063,0.00025459894095547497
meta-llama/Meta-Llama-3-8B-Instruct,50,alpaca,100,7,0.00024633019347675145,0.00025705661391839385
meta-llama/Meta-Llama-3-8B-Instruct,50,alpaca,100,8,0.0002469574974384159,0.000260383851127699
meta-llama/Meta-Llama-3-8B-Instruct,50,alpaca,100,9,0.0002473226049914956,0.00026228983188048005
meta-llama/Meta-Llama-3-8B-Instruct,50,alpaca,100,10,0.00024775692145340145,0.0002646191278472543
meta-llama/Meta-Llama-3-8B-Instruct,50,alpaca,100,11,0.0002480775292497128,0.000266293587628752
meta-llama/Meta-Llama-3-8B-Instruct,50,alpaca,100,12,0.0002484265132807195,0.0002681612968444824
meta-llama/Meta-Llama-3-8B-Instruct,50,alpaca,100,13,0.00024899758864194155,0.00027102409512735903
meta-llama/Meta-Llama-3-8B-Instruct,50,alpaca,100,14,0.00024969063815660775,0.0002746687678154558
meta-llama/Meta-Llama-3-8B-Instruct,50,alpaca,100,15,0.0002507221361156553,0.00028018373996019363
meta-llama/Meta-Llama-3-8B-Instruct,50,alpaca,100,16,0.000252479687333107,0.00028928107349202037
meta-llama/Meta-Llama-3-8B-Instruct,50,alpaca,100,17,0.0002544498420320451,0.00029946264112368226
meta-llama/Meta-Llama-3-8B-Instruct,50,alpaca,100,18,0.0002574457903392613,0.00031476779258809984
meta-llama/Meta-Llama-3-8B-Instruct,50,alpaca,100,19,0.00026022238307632506,0.0003293998306617141
meta-llama/Meta-Llama-3-8B-Instruct,50,alpaca,100,20,0.00026312872068956494,0.00034485416836105287
meta-llama/Meta-Llama-3-8B-Instruct,50,alpaca,100,21,0.00026701914612203836,0.0003660469374153763
meta-llama/Meta-Llama-3-8B-Instruct,50,alpaca,100,22,0.00027317609055899084,0.0003992501588072628
meta-llama/Meta-Llama-3-8B-Instruct,50,alpaca,100,23,0.0002789098070934415,0.0004317703715059906
meta-llama/Meta-Llama-3-8B-Instruct,50,alpaca,100,24,0.00028497641324065626,0.00046737826778553426
meta-llama/Meta-Llama-3-8B-Instruct,50,alpaca,100,25,0.00029043693211860955,0.0005013257614336908
meta-llama/Meta-Llama-3-8B-Instruct,50,alpaca,100,26,0.000297597172902897,0.0005462232511490583
meta-llama/Meta-Llama-3-8B-Instruct,50,alpaca,100,27,0.0003062568430323154,0.0006016844417899847
meta-llama/Meta-Llama-3-8B-Instruct,50,alpaca,100,28,0.00031635724008083344,0.0006683373358100653
meta-llama/Meta-Llama-3-8B-Instruct,50,alpaca,100,29,0.0003319635579828173,0.0007772640092298388
meta-llama/Meta-Llama-3-8B-Instruct,50,alpaca,100,30,0.00035355769796296954,0.0009333307971246541
meta-llama/Meta-Llama-3-8B-Instruct,50,alpaca,100,31,0.00039374257903546095,0.001229194807820022
meta-llama/Meta-Llama-3-8B-Instruct,50,alpaca,100,32,0.00890221819281578,0.03485007584095001
meta-llama/Meta-Llama-3-8B-Instruct,60,alpaca,100,1,0.0005984955932945013,0.003426687326282263
meta-llama/Meta-Llama-3-8B-Instruct,60,alpaca,100,2,0.00024441376444883645,0.00024607375962659717
meta-llama/Meta-Llama-3-8B-Instruct,60,alpaca,100,3,0.0002447098959237337,0.00024797715013846755
meta-llama/Meta-Llama-3-8B-Instruct,60,alpaca,100,4,0.00024515402037650347,0.00025068994727917016
meta-llama/Meta-Llama-3-8B-Instruct,60,alpaca,100,5,0.0002457193040754646,0.000253991165664047
meta-llama/Meta-Llama-3-8B-Instruct,60,alpaca,100,6,0.00024628464598208666,0.00025724820443429053
meta-llama/Meta-Llama-3-8B-Instruct,60,alpaca,100,7,0.00024685022071935236,0.00026044389232993126
meta-llama/Meta-Llama-3-8B-Instruct,60,alpaca,100,8,0.00024760400992818177,0.000264560105279088
meta-llama/Meta-Llama-3-8B-Instruct,60,alpaca,100,9,0.00024805599241517484,0.0002669858804438263
meta-llama/Meta-Llama-3-8B-Instruct,60,alpaca,100,10,0.0002486158045940101,0.0002700581098906696
meta-llama/Meta-Llama-3-8B-Instruct,60,alpaca,100,11,0.0002490113256499171,0.0002721839409787208
meta-llama/Meta-Llama-3-8B-Instruct,60,alpaca,100,12,0.00024944820324890316,0.0002745883248280734
meta-llama/Meta-Llama-3-8B-Instruct,60,alpaca,100,13,0.0002501591807231307,0.00027826300356537104
meta-llama/Meta-Llama-3-8B-Instruct,60,alpaca,100,14,0.00025105400709435344,0.00028313047369010746
meta-llama/Meta-Llama-3-8B-Instruct,60,alpaca,100,15,0.0002523466246202588,0.0002903637941926718
meta-llama/Meta-Llama-3-8B-Instruct,60,alpaca,100,16,0.00025456896401010454,0.00030245177913457155
meta-llama/Meta-Llama-3-8B-Instruct,60,alpaca,100,17,0.0002570176438894123,0.00031582568772137165
meta-llama/Meta-Llama-3-8B-Instruct,60,alpaca,100,18,0.000260809320025146,0.00033639100729487836
meta-llama/Meta-Llama-3-8B-Instruct,60,alpaca,100,19,0.00026431583683006465,0.00035621997085399926
meta-llama/Meta-Llama-3-8B-Instruct,60,alpaca,100,20,0.0002679621975403279,0.000377249758457765
meta-llama/Meta-Llama-3-8B-Instruct,60,alpaca,100,21,0.00027287675766274333,0.0004065052489750087
meta-llama/Meta-Llama-3-8B-Instruct,60,alpaca,100,22,0.00028077373281121254,0.00045334998867474496
meta-llama/Meta-Llama-3-8B-Instruct,60,alpaca,100,23,0.00028806368936784565,0.0004995826748199761
meta-llama/Meta-Llama-3-8B-Instruct,60,alpaca,100,24,0.00029590976191684604,0.0005518080433830619
meta-llama/Meta-Llama-3-8B-Instruct,60,alpaca,100,25,0.0003030638908967376,0.0006028576171956956
meta-llama/Meta-Llama-3-8B-Instruct,60,alpaca,100,26,0.0003124340146314353,0.0006711557507514954
meta-llama/Meta-Llama-3-8B-Instruct,60,alpaca,100,27,0.00032357589225284755,0.0007553251343779266
meta-llama/Meta-Llama-3-8B-Instruct,60,alpaca,100,28,0.00033663969952613115,0.0008582753362134099
meta-llama/Meta-Llama-3-8B-Instruct,60,alpaca,100,29,0.0003567328676581383,0.0010281609138473868
meta-llama/Meta-Llama-3-8B-Instruct,60,alpaca,100,30,0.00038465100806206465,0.001274423091672361
meta-llama/Meta-Llama-3-8B-Instruct,60,alpaca,100,31,0.00043575974996201694,0.0017403765814378858
meta-llama/Meta-Llama-3-8B-Instruct,60,alpaca,100,32,0.011237445287406445,0.050384849309921265
meta-llama/Meta-Llama-3-8B-Instruct,70,alpaca,100,1,0.0006728291627950966,0.004758272785693407
meta-llama/Meta-Llama-3-8B-Instruct,70,alpaca,100,2,0.000244459486566484,0.0002464180870447308
meta-llama/Meta-Llama-3-8B-Instruct,70,alpaca,100,3,0.00024480425054207444,0.00024866271996870637
meta-llama/Meta-Llama-3-8B-Instruct,70,alpaca,100,4,0.00024532590759918094,0.0002518906840123236
meta-llama/Meta-Llama-3-8B-Instruct,70,alpaca,100,5,0.00024598956224508584,0.000255824183113873
meta-llama/Meta-Llama-3-8B-Instruct,70,alpaca,100,6,0.0002466686419211328,0.00025980413192883134
meta-llama/Meta-Llama-3-8B-Instruct,70,alpaca,100,7,0.00024735037004575133,0.0002637266297824681
meta-llama/Meta-Llama-3-8B-Instruct,70,alpaca,100,8,0.0002482243289705366,0.0002686184016056359
meta-llama/Meta-Llama-3-8B-Instruct,70,alpaca,100,9,0.0002487611200194806,0.0002715669688768685
meta-llama/Meta-Llama-3-8B-Instruct,70,alpaca,100,10,0.0002494438667781651,0.00027538323774933815
meta-llama/Meta-Llama-3-8B-Instruct,70,alpaca,100,11,0.0002499149413779378,0.00027798430528491735
meta-llama/Meta-Llama-3-8B-Instruct,70,alpaca,100,12,0.0002504326112102717,0.00028089378611184657
meta-llama/Meta-Llama-3-8B-Instruct,70,alpaca,100,13,0.00025127295521087945,0.00028535848832689226
meta-llama/Meta-Llama-3-8B-Instruct,70,alpaca,100,14,0.0002523653965909034,0.0002914566430263221
meta-llama/Meta-Llama-3-8B-Instruct,70,alpaca,100,15,0.000253903737757355,0.0003003750753123313
meta-llama/Meta-Llama-3-8B-Instruct,70,alpaca,100,16,0.0002565922331996262,0.00031560100615024567
meta-llama/Meta-Llama-3-8B-Instruct,70,alpaca,100,17,0.00025951117277145386,0.0003322917327750474
meta-llama/Meta-Llama-3-8B-Instruct,70,alpaca,100,18,0.0002640915918163955,0.000358434917870909
meta-llama/Meta-Llama-3-8B-Instruct,70,alpaca,100,19,0.0002683470956981182,0.0003840504796244204
meta-llama/Meta-Llama-3-8B-Instruct,70,alpaca,100,20,0.0002727393584791571,0.000411257118685171
meta-llama/Meta-Llama-3-8B-Instruct,70,alpaca,100,21,0.0002786739496514201,0.0004494187014643103
meta-llama/Meta-Llama-3-8B-Instruct,70,alpaca,100,22,0.0002883822889998555,0.0005121565773151815
meta-llama/Meta-Llama-3-8B-Instruct,70,alpaca,100,23,0.00029725005151703954,0.0005742848734371364
meta-llama/Meta-Llama-3-8B-Instruct,70,alpaca,100,24,0.0003069438098464161,0.0006463099271059036
meta-llama/Meta-Llama-3-8B-Instruct,70,alpaca,100,25,0.00031588893034495413,0.0007184289279393852
meta-llama/Meta-Llama-3-8B-Instruct,70,alpaca,100,26,0.0003275503113400191,0.0008154394454322755
meta-llama/Meta-Llama-3-8B-Instruct,70,alpaca,100,27,0.00034125958336517215,0.000935115444008261
meta-llama/Meta-Llama-3-8B-Instruct,70,alpaca,100,28,0.00035737871075980365,0.00108331348747015
meta-llama/Meta-Llama-3-8B-Instruct,70,alpaca,100,29,0.0003822131548076868,0.0013312542578205466
meta-llama/Meta-Llama-3-8B-Instruct,70,alpaca,100,30,0.0004167895531281829,0.0016935839084908366
meta-llama/Meta-Llama-3-8B-Instruct,70,alpaca,100,31,0.00047931467997841537,0.002377030672505498
meta-llama/Meta-Llama-3-8B-Instruct,70,alpaca,100,32,0.013564041815698147,0.06555105745792389
meta-llama/Meta-Llama-3-8B-Instruct,80,alpaca,100,1,0.0007438656175509095,0.006220129318535328
meta-llama/Meta-Llama-3-8B-Instruct,80,alpaca,100,2,0.0002445013087708503,0.0002467326121404767
meta-llama/Meta-Llama-3-8B-Instruct,80,alpaca,100,3,0.0002448920567985624,0.0002492963394615799
meta-llama/Meta-Llama-3-8B-Instruct,80,alpaca,100,4,0.0002454842906445265,0.0002529969497118145
meta-llama/Meta-Llama-3-8B-Instruct,80,alpaca,100,5,0.0002462373813614249,0.00025750763597898185
meta-llama/Meta-Llama-3-8B-Instruct,80,alpaca,100,6,0.00024701724760234356,0.00026213115779682994
meta-llama/Meta-Llama-3-8B-Instruct,80,alpaca,100,7,0.00024780587409622967,0.0002667319495230913
meta-llama/Meta-Llama-3-8B-Instruct,80,alpaca,100,8,0.0002487915044184774,0.00027235172456130385
meta-llama/Meta-Llama-3-8B-Instruct,80,alpaca,100,9,0.00024940146249718964,0.00027576956199482083
meta-llama/Meta-Llama-3-8B-Instruct,80,alpaca,100,10,0.00025019512395374477,0.0002802713424898684
meta-llama/Meta-Llama-3-8B-Instruct,80,alpaca,100,11,0.0002507342433091253,0.00028332037618383765
meta-llama/Meta-Llama-3-8B-Instruct,80,alpaca,100,12,0.0002513316576369107,0.0002867362927645445
meta-llama/Meta-Llama-3-8B-Instruct,80,alpaca,100,13,0.0002522931608837098,0.00029197122785262764
meta-llama/Meta-Llama-3-8B-Instruct,80,alpaca,100,14,0.00025358135462738574,0.00029932259349152446
meta-llama/Meta-Llama-3-8B-Instruct,80,alpaca,100,15,0.00025536137400195,0.0003099501773249358
meta-llama/Meta-Llama-3-8B-Instruct,80,alpaca,100,16,0.00025849990197457373,0.0003283125115558505
meta-llama/Meta-Llama-3-8B-Instruct,80,alpaca,100,17,0.00026186625473201275,0.0003483194741420448
meta-llama/Meta-Llama-3-8B-Instruct,80,alpaca,100,18,0.0002671881520655006,0.00038002891233190894
meta-llama/Meta-Llama-3-8B-Instruct,80,alpaca,100,19,0.0002721220953390002,0.0004113050235901028
meta-llama/Meta-Llama-3-8B-Instruct,80,alpaca,100,20,0.00027721369406208396,0.00044478088966570795
meta-llama/Meta-Llama-3-8B-Instruct,80,alpaca,100,21,0.0002840840315911919,0.0004919333150610328
meta-llama/Meta-Llama-3-8B-Instruct,80,alpaca,100,22,0.000295514240860939,0.0005712989950552583
meta-llama/Meta-Llama-3-8B-Instruct,80,alpaca,100,23,0.0003059418813791126,0.0006508109509013593
meta-llama/Meta-Llama-3-8B-Instruct,80,alpaca,100,24,0.00031739193946123123,0.0007441790658049285
meta-llama/Meta-Llama-3-8B-Instruct,80,alpaca,100,25,0.00032805322553031147,0.0008393543539568782
meta-llama/Meta-Llama-3-8B-Instruct,80,alpaca,100,26,0.0003419149434193969,0.0009680376388132572
meta-llama/Meta-Llama-3-8B-Instruct,80,alpaca,100,27,0.00035811474663205445,0.0011275229044258595
meta-llama/Meta-Llama-3-8B-Instruct,80,alpaca,100,28,0.0003771372139453888,0.0013261348940432072
meta-llama/Meta-Llama-3-8B-Instruct,80,alpaca,100,29,0.00040650612208992243,0.0016616518842056394
meta-llama/Meta-Llama-3-8B-Instruct,80,alpaca,100,30,0.0004473596054594964,0.0021525502670556307
meta-llama/Meta-Llama-3-8B-Instruct,80,alpaca,100,31,0.0005209940136410296,0.0030787265859544277
meta-llama/Meta-Llama-3-8B-Instruct,80,alpaca,100,32,0.015668267384171486,0.07820726186037064
meta-llama/Meta-Llama-3-8B-Instruct,90,alpaca,100,1,0.0008248898084275424,0.007988929748535156
meta-llama/Meta-Llama-3-8B-Instruct,90,alpaca,100,2,0.0002445523568894714,0.00024710383149795234
meta-llama/Meta-Llama-3-8B-Instruct,90,alpaca,100,3,0.0002449987514410168,0.00025004291092045605
meta-llama/Meta-Llama-3-8B-Instruct,90,alpaca,100,4,0.0002456761139910668,0.0002542946895118803
meta-llama/Meta-Llama-3-8B-Instruct,90,alpaca,100,5,0.0002465372672304511,0.00025948716211132705
meta-llama/Meta-Llama-3-8B-Instruct,90,alpaca,100,6,0.0002474369539413601,0.0002648606605362147
meta-llama/Meta-Llama-3-8B-Instruct,90,alpaca,100,7,0.0002483472344465554,0.0002702252531889826
meta-llama/Meta-Llama-3-8B-Instruct,90,alpaca,100,8,0.00024946703342720866,0.00027670717099681497
meta-llama/Meta-Llama-3-8B-Instruct,90,alpaca,100,9,0.00025017140433192253,0.00028071552515029907
meta-llama/Meta-Llama-3-8B-Instruct,90,alpaca,100,10,0.0002510924532543868,0.00028599941288121045
meta-llama/Meta-Llama-3-8B-Instruct,90,alpaca,100,11,0.00025172383175231516,0.0002896436781156808
meta-llama/Meta-Llama-3-8B-Instruct,90,alpaca,100,12,0.0002524098672438413,0.00029362994246184826
meta-llama/Meta-Llama-3-8B-Instruct,90,alpaca,100,13,0.00025351662770844996,0.0002997905248776078
meta-llama/Meta-Llama-3-8B-Instruct,90,alpaca,100,14,0.00025503250071778893,0.0003086074721068144
meta-llama/Meta-Llama-3-8B-Instruct,90,alpaca,100,15,0.00025710323825478554,0.00032128687598742545
meta-llama/Meta-Llama-3-8B-Instruct,90,alpaca,100,16,0.00026079252711497247,0.00034352220245637
meta-llama/Meta-Llama-3-8B-Instruct,90,alpaca,100,17,0.00026468888972885907,0.00036752282176166773
meta-llama/Meta-Llama-3-8B-Instruct,90,alpaca,100,18,0.0002708941465243697,0.00040607189293950796
meta-llama/Meta-Llama-3-8B-Instruct,90,alpaca,100,19,0.0002766494872048497,0.00044443359365686774
meta-llama/Meta-Llama-3-8B-Instruct,90,alpaca,100,20,0.00028260613908059895,0.00048595163389109075
meta-llama/Meta-Llama-3-8B-Instruct,90,alpaca,100,21,0.00029063900001347065,0.0005447667790576816
meta-llama/Meta-Llama-3-8B-Instruct,90,alpaca,100,22,0.00030415397486649454,0.0006455837865360081
meta-llama/Meta-Llama-3-8B-Instruct,90,alpaca,100,23,0.0003164746449328959,0.0007477257749997079
meta-llama/Meta-Llama-3-8B-Instruct,90,alpaca,100,24,0.000330072216456756,0.00086929090321064
meta-llama/Meta-Llama-3-8B-Instruct,90,alpaca,100,25,0.00034281692933291197,0.00099505006801337
meta-llama/Meta-Llama-3-8B-Instruct,90,alpaca,100,26,0.0003593889414332807,0.0011663584737107158
meta-llama/Meta-Llama-3-8B-Instruct,90,alpaca,100,27,0.0003786995366681367,0.0013798963045701385
meta-llama/Meta-Llama-3-8B-Instruct,90,alpaca,100,28,0.0004013993893750012,0.0016478460747748613
meta-llama/Meta-Llama-3-8B-Instruct,90,alpaca,100,29,0.0004365180793683976,0.0021032097283750772
meta-llama/Meta-Llama-3-8B-Instruct,90,alpaca,100,30,0.0004855492734350264,0.002772822743281722
meta-llama/Meta-Llama-3-8B-Instruct,90,alpaca,100,31,0.0005740208434872329,0.00403481163084507
meta-llama/Meta-Llama-3-8B-Instruct,90,alpaca,100,32,0.01761053130030632,0.08904533833265305
meta-llama/Meta-Llama-3-8B-Instruct,100,alpaca,100,1,0.000911713286768645,0.010005357675254345
meta-llama/Meta-Llama-3-8B-Instruct,100,alpaca,100,2,0.00024459403357468545,0.00024740875232964754
meta-llama/Meta-Llama-3-8B-Instruct,100,alpaca,100,3,0.0002450853062327951,0.0002506549935787916
meta-llama/Meta-Llama-3-8B-Instruct,100,alpaca,100,4,0.0002458296075928956,0.00025534851010888815
meta-llama/Meta-Llama-3-8B-Instruct,100,alpaca,100,5,0.0002467771410010755,0.0002610959345474839
meta-llama/Meta-Llama-3-8B-Instruct,100,alpaca,100,6,0.0002477720263414085,0.00026707694632932544
meta-llama/Meta-Llama-3-8B-Instruct,100,alpaca,100,7,0.0002487882738932967,0.0002731155836954713
meta-llama/Meta-Llama-3-8B-Instruct,100,alpaca,100,8,0.0002500161645002663,0.0002803156094159931
meta-llama/Meta-Llama-3-8B-Instruct,100,alpaca,100,9,0.00025079218903556466,0.0002847919531632215
meta-llama/Meta-Llama-3-8B-Instruct,100,alpaca,100,10,0.0002518222318030894,0.0002907665621023625
meta-llama/Meta-Llama-3-8B-Instruct,100,alpaca,100,11,0.00025252040359191597,0.00029486778657883406
meta-llama/Meta-Llama-3-8B-Instruct,100,alpaca,100,12,0.0002532798971515149,0.00029934008489362895
meta-llama/Meta-Llama-3-8B-Instruct,100,alpaca,100,13,0.00025450735120102763,0.0003063013427890837
meta-llama/Meta-Llama-3-8B-Instruct,100,alpaca,100,14,0.0002562162699177861,0.00031640680390410125
meta-llama/Meta-Llama-3-8B-Instruct,100,alpaca,100,15,0.00025853581610135734,0.00033090426586568356
meta-llama/Meta-Llama-3-8B-Instruct,100,alpaca,100,16,0.00026268974761478603,0.0003565722145140171
meta-llama/Meta-Llama-3-8B-Instruct,100,alpaca,100,17,0.000267015362624079,0.0003840347344521433
meta-llama/Meta-Llama-3-8B-Instruct,100,alpaca,100,18,0.0002739964984357357,0.0004290131328161806
meta-llama/Meta-Llama-3-8B-Instruct,100,alpaca,100,19,0.00028042829944752157,0.0004737353592645377
meta-llama/Meta-Llama-3-8B-Instruct,100,alpaca,100,20,0.00028713454958051443,0.000522827438544482
meta-llama/Meta-Llama-3-8B-Instruct,100,alpaca,100,21,0.0002961810678243637,0.0005927945603616536
meta-llama/Meta-Llama-3-8B-Instruct,100,alpaca,100,22,0.0003115156141575426,0.0007143122493289411
meta-llama/Meta-Llama-3-8B-Instruct,100,alpaca,100,23,0.00032548856688663363,0.0008385270484723151
meta-llama/Meta-Llama-3-8B-Instruct,100,alpaca,100,24,0.00034099817276000977,0.0009881999576464295
meta-llama/Meta-Llama-3-8B-Instruct,100,alpaca,100,25,0.00035560771357268095,0.0011447941651567817
meta-llama/Meta-Llama-3-8B-Instruct,100,alpaca,100,26,0.0003745944704860449,0.0013590677408501506
meta-llama/Meta-Llama-3-8B-Instruct,100,alpaca,100,27,0.0003966415533795953,0.0016270822379738092
meta-llama/Meta-Llama-3-8B-Instruct,100,alpaca,100,28,0.0004225403245072812,0.0019643574487417936
meta-llama/Meta-Llama-3-8B-Instruct,100,alpaca,100,29,0.0004626240988727659,0.002539372770115733
meta-llama/Meta-Llama-3-8B-Instruct,100,alpaca,100,30,0.0005188314244151115,0.0033887894824147224
meta-llama/Meta-Llama-3-8B-Instruct,100,alpaca,100,31,0.000620510836597532,0.00498671131208539
meta-llama/Meta-Llama-3-8B-Instruct,100,alpaca,100,32,0.01931244693696499,0.09816781431436539
meta-llama/Llama-3.2-3B-Instruct,10,alpaca,100,1,0.001144291400909424,0.0014497225284576417
meta-llama/Llama-3.2-3B-Instruct,10,alpaca,100,2,0.0010001717805862428,0.0010010660886764526
meta-llama/Llama-3.2-3B-Instruct,10,alpaca,100,3,0.0010003440380096436,0.001002010464668274
meta-llama/Llama-3.2-3B-Instruct,10,alpaca,100,4,0.0010005110502243043,0.0010028877258300782
meta-llama/Llama-3.2-3B-Instruct,10,alpaca,100,5,0.0010006383657455444,0.0010035345554351806
meta-llama/Llama-3.2-3B-Instruct,10,alpaca,100,6,0.0010007728338241578,0.001004199266433716
meta-llama/Llama-3.2-3B-Instruct,10,alpaca,100,7,0.0010009055137634277,0.001004854440689087
meta-llama/Llama-3.2-3B-Instruct,10,alpaca,100,8,0.0010011590719223023,0.0010060564279556275
meta-llama/Llama-3.2-3B-Instruct,10,alpaca,100,9,0.0010011533498764037,0.0010060421228408813
meta-llama/Llama-3.2-3B-Instruct,10,alpaca,100,10,0.00100115966796875,0.0010060716867446899
meta-llama/Llama-3.2-3B-Instruct,10,alpaca,100,11,0.0010012383460998534,0.0010064499378204346
meta-llama/Llama-3.2-3B-Instruct,10,alpaca,100,12,0.0010014389753341675,0.0010073978900909423
meta-llama/Llama-3.2-3B-Instruct,10,alpaca,100,13,0.0010015754699707032,0.001008037805557251
meta-llama/Llama-3.2-3B-Instruct,10,alpaca,100,14,0.0010019543170928956,0.0010097743272781373
meta-llama/Llama-3.2-3B-Instruct,10,alpaca,100,15,0.001002503991127014,0.0010121991634368895
meta-llama/Llama-3.2-3B-Instruct,10,alpaca,100,16,0.0010031933784484864,0.0010151504278182984
meta-llama/Llama-3.2-3B-Instruct,10,alpaca,100,17,0.0010038999319076538,0.0010181653499603271
meta-llama/Llama-3.2-3B-Instruct,10,alpaca,100,18,0.0010047169923782348,0.001021541714668274
meta-llama/Llama-3.2-3B-Instruct,10,alpaca,100,19,0.0010056289434432983,0.0010252606868743897
meta-llama/Llama-3.2-3B-Instruct,10,alpaca,100,20,0.0010073485374450684,0.0010321016311645509
meta-llama/Llama-3.2-3B-Instruct,10,alpaca,100,21,0.0010088623762130736,0.0010379378795623779
meta-llama/Llama-3.2-3B-Instruct,10,alpaca,100,22,0.0010100252628326416,0.0010423895120620728
meta-llama/Llama-3.2-3B-Instruct,10,alpaca,100,23,0.0010120196342468261,0.001049857258796692
meta-llama/Llama-3.2-3B-Instruct,10,alpaca,100,24,0.0010144617557525635,0.0010588657855987549
meta-llama/Llama-3.2-3B-Instruct,10,alpaca,100,25,0.0010171602964401244,0.001068613052368164
meta-llama/Llama-3.2-3B-Instruct,10,alpaca,100,26,0.00102139949798584,0.0010835704803466796
meta-llama/Llama-3.2-3B-Instruct,10,alpaca,100,27,0.0010264759063720703,0.0011010853052139283
meta-llama/Llama-3.2-3B-Instruct,10,alpaca,100,28,0.007279043674468994,0.008288465499877929
meta-llama/Llama-3.2-3B-Instruct,20,alpaca,100,1,0.0006534900069236756,0.0010590752363204955
meta-llama/Llama-3.2-3B-Instruct,20,alpaca,100,2,0.0005001857280731201,0.0005011763572692871
meta-llama/Llama-3.2-3B-Instruct,20,alpaca,100,3,0.0005003584027290344,0.0005021505355834961
meta-llama/Llama-3.2-3B-Instruct,20,alpaca,100,4,0.0005005487203598023,0.0005031774640083313
meta-llama/Llama-3.2-3B-Instruct,20,alpaca,100,5,0.000500717282295227,0.0005040611624717713
meta-llama/Llama-3.2-3B-Instruct,20,alpaca,100,6,0.0005008665323257447,0.0005048176646232605
meta-llama/Llama-3.2-3B-Instruct,20,alpaca,100,7,0.0005010203123092652,0.0005055918097496033
meta-llama/Llama-3.2-3B-Instruct,20,alpaca,100,8,0.0005012739300727844,0.000506827712059021
meta-llama/Llama-3.2-3B-Instruct,20,alpaca,100,9,0.00050135999917984,0.0005072601437568665
meta-llama/Llama-3.2-3B-Instruct,20,alpaca,100,10,0.0005014391541481018,0.0005076518654823304
meta-llama/Llama-3.2-3B-Instruct,20,alpaca,100,11,0.0005015578866004944,0.0005082381367683411
meta-llama/Llama-3.2-3B-Instruct,20,alpaca,100,12,0.0005018065571784973,0.0005094233155250549
meta-llama/Llama-3.2-3B-Instruct,20,alpaca,100,13,0.0005019873976707458,0.0005102775692939758
meta-llama/Llama-3.2-3B-Instruct,20,alpaca,100,14,0.0005024234652519226,0.000512330174446106
meta-llama/Llama-3.2-3B-Instruct,20,alpaca,100,15,0.0005030180811882019,0.0005150043368339539
meta-llama/Llama-3.2-3B-Instruct,20,alpaca,100,16,0.0005038132667541504,0.0005185215473175049
meta-llama/Llama-3.2-3B-Instruct,20,alpaca,100,17,0.000504779577255249,0.0005227575898170471
meta-llama/Llama-3.2-3B-Instruct,20,alpaca,100,18,0.0005056896805763245,0.0005266639590263367
meta-llama/Llama-3.2-3B-Instruct,20,alpaca,100,19,0.0005066651701927185,0.0005308354496955872
meta-llama/Llama-3.2-3B-Instruct,20,alpaca,100,20,0.0005086654424667358,0.00053910231590271
meta-llama/Llama-3.2-3B-Instruct,20,alpaca,100,21,0.0005104390978813171,0.0005462773442268372
meta-llama/Llama-3.2-3B-Instruct,20,alpaca,100,22,0.0005117396712303161,0.0005515303015708923
meta-llama/Llama-3.2-3B-Instruct,20,alpaca,100,23,0.0005138149857521057,0.0005597371459007263
meta-llama/Llama-3.2-3B-Instruct,20,alpaca,100,24,0.00051653653383255,0.0005703985691070557
meta-llama/Llama-3.2-3B-Instruct,20,alpaca,100,25,0.0005197290182113647,0.0005826822519302368
meta-llama/Llama-3.2-3B-Instruct,20,alpaca,100,26,0.0005245078802108764,0.0006008028984069824
meta-llama/Llama-3.2-3B-Instruct,20,alpaca,100,27,0.0005311842560768127,0.0006255719065666198
meta-llama/Llama-3.2-3B-Instruct,20,alpaca,100,28,0.0068037395477294925,0.009198558807373048
meta-llama/Llama-3.2-3B-Instruct,30,alpaca,100,1,0.000504971186319987,0.0011147780418395996
meta-llama/Llama-3.2-3B-Instruct,30,alpaca,100,2,0.0003335297107696533,0.000334620992342631
meta-llama/Llama-3.2-3B-Instruct,30,alpaca,100,3,0.0003337061007817586,0.0003356578350067139
meta-llama/Llama-3.2-3B-Instruct,30,alpaca,100,4,0.00033389691511789957,0.0003367340962092082
meta-llama/Llama-3.2-3B-Instruct,30,alpaca,100,5,0.0003340820471445719,0.00033774566650390624
meta-llama/Llama-3.2-3B-Instruct,30,alpaca,100,6,0.00033424635728200277,0.0003386192719141642
meta-llama/Llama-3.2-3B-Instruct,30,alpaca,100,7,0.0003344232638676961,0.0003395551840464274
meta-llama/Llama-3.2-3B-Instruct,30,alpaca,100,8,0.00033468763033548993,0.00034090240796407064
meta-llama/Llama-3.2-3B-Instruct,30,alpaca,100,9,0.0003348085880279541,0.00034152177969614663
meta-llama/Llama-3.2-3B-Instruct,30,alpaca,100,10,0.00033492930730183917,0.00034212295214335124
meta-llama/Llama-3.2-3B-Instruct,30,alpaca,100,11,0.00033506083488464355,0.00034281476338704427
meta-llama/Llama-3.2-3B-Instruct,30,alpaca,100,12,0.0003353590965270996,0.0003442858854929606
meta-llama/Llama-3.2-3B-Instruct,30,alpaca,100,13,0.00033555392424265544,0.00034524122873942056
meta-llama/Llama-3.2-3B-Instruct,30,alpaca,100,14,0.0003359842300415039,0.00034735325972239177
meta-llama/Llama-3.2-3B-Instruct,30,alpaca,100,15,0.0003365997076034546,0.00035031553109486895
meta-llama/Llama-3.2-3B-Instruct,30,alpaca,100,16,0.00033748920758565267,0.00035447065035502115
meta-llama/Llama-3.2-3B-Instruct,30,alpaca,100,17,0.00033845996856689454,0.00035895729064941407
meta-llama/Llama-3.2-3B-Instruct,30,alpaca,100,18,0.0003393728733062744,0.0003631689151128133
meta-llama/Llama-3.2-3B-Instruct,30,alpaca,100,19,0.00034038956960042317,0.00036785495281219484
meta-llama/Llama-3.2-3B-Instruct,30,alpaca,100,20,0.0003424972295761108,0.000377235213915507
meta-llama/Llama-3.2-3B-Instruct,30,alpaca,100,21,0.0003443476359049479,0.00038538666566212973
meta-llama/Llama-3.2-3B-Instruct,30,alpaca,100,22,0.0003458058436711629,0.0003919257322947184
meta-llama/Llama-3.2-3B-Instruct,30,alpaca,100,23,0.00034802186489105223,0.0004015606641769409
meta-llama/Llama-3.2-3B-Instruct,30,alpaca,100,24,0.00035084716478983564,0.0004137735366821289
meta-llama/Llama-3.2-3B-Instruct,30,alpaca,100,25,0.0003541874885559082,0.00042792439460754395
meta-llama/Llama-3.2-3B-Instruct,30,alpaca,100,26,0.0003593881924947103,0.0004500413338343302
meta-llama/Llama-3.2-3B-Instruct,30,alpaca,100,27,0.0003667599360148112,0.00048072441418965656
meta-llama/Llama-3.2-3B-Instruct,30,alpaca,100,28,0.005911534627278646,0.013141581217447917
meta-llama/Llama-3.2-3B-Instruct,40,alpaca,100,1,0.0005658727992946903,0.0016928915865719318
meta-llama/Llama-3.2-3B-Instruct,40,alpaca,100,2,0.00032578517372409504,0.0003273049757505457
meta-llama/Llama-3.2-3B-Instruct,40,alpaca,100,3,0.00032601424027234316,0.00032870595653851825
meta-llama/Llama-3.2-3B-Instruct,40,alpaca,100,4,0.0003262728763123353,0.000330223663089176
meta-llama/Llama-3.2-3B-Instruct,40,alpaca,100,5,0.00032652549756069976,0.0003316561148191492
meta-llama/Llama-3.2-3B-Instruct,40,alpaca,100,6,0.00032676248035083216,0.000332974207897981
meta-llama/Llama-3.2-3B-Instruct,40,alpaca,100,7,0.0003270162657524149,0.0003343690186738968
meta-llama/Llama-3.2-3B-Instruct,40,alpaca,100,8,0.00032737924872587126,0.0003362920057649414
meta-llama/Llama-3.2-3B-Instruct,40,alpaca,100,9,0.00032756194317092496,0.0003372670228903492
meta-llama/Llama-3.2-3B-Instruct,40,alpaca,100,10,0.00032774351226786774,0.00033821852412074804
meta-llama/Llama-3.2-3B-Instruct,40,alpaca,100,11,0.00032794040938218433,0.00033930304925888777
meta-llama/Llama-3.2-3B-Instruct,40,alpaca,100,12,0.00032838717258224886,0.00034156779292970896
meta-llama/Llama-3.2-3B-Instruct,40,alpaca,100,13,0.00032868240183840197,0.0003431053676952918
meta-llama/Llama-3.2-3B-Instruct,40,alpaca,100,14,0.00032928225118666887,0.0003462211849788825
meta-llama/Llama-3.2-3B-Instruct,40,alpaca,100,15,0.00033016215699414414,0.00035074360979100067
meta-llama/Llama-3.2-3B-Instruct,40,alpaca,100,16,0.0003314866529156764,0.0003573039624219139
meta-llama/Llama-3.2-3B-Instruct,40,alpaca,100,17,0.00033282100533445674,0.00036395857265839976
meta-llama/Llama-3.2-3B-Instruct,40,alpaca,100,18,0.00033406804626186687,0.00037016319887091714
meta-llama/Llama-3.2-3B-Instruct,40,alpaca,100,19,0.0003354828416680296,0.00037728180177509785
meta-llama/Llama-3.2-3B-Instruct,40,alpaca,100,20,0.00033851662495483953,0.00039190725268175203
meta-llama/Llama-3.2-3B-Instruct,40,alpaca,100,21,0.0003411747748032212,0.0004049203125759959
meta-llama/Llama-3.2-3B-Instruct,40,alpaca,100,22,0.00034337843923519057,0.00041610390568772954
meta-llama/Llama-3.2-3B-Instruct,40,alpaca,100,23,0.0003466001556565364,0.00043198974647869665
meta-llama/Llama-3.2-3B-Instruct,40,alpaca,100,24,0.0003506534267216921,0.00045206292998045683
meta-llama/Llama-3.2-3B-Instruct,40,alpaca,100,25,0.0003554233893131216,0.00047548154058555764
meta-llama/Llama-3.2-3B-Instruct,40,alpaca,100,26,0.00036294537130743265,0.0005127814365550876
meta-llama/Llama-3.2-3B-Instruct,40,alpaca,100,27,0.00037361832801252604,0.0005655891727656126
meta-llama/Llama-3.2-3B-Instruct,40,alpaca,100,28,0.007948165759444237,0.028230016430219013
meta-llama/Llama-3.2-3B-Instruct,50,alpaca,100,1,0.0006425461421410242,0.002532322114954392
meta-llama/Llama-3.2-3B-Instruct,50,alpaca,100,2,0.00032585890342791873,0.0003278504979486267
meta-llama/Llama-3.2-3B-Instruct,50,alpaca,100,3,0.0003261491268252333,0.00032967647227148217
meta-llama/Llama-3.2-3B-Instruct,50,alpaca,100,4,0.0003264842477316658,0.00033169984817504883
meta-llama/Llama-3.2-3B-Instruct,50,alpaca,100,5,0.00032681556573758524,0.0003336296649649739
meta-llama/Llama-3.2-3B-Instruct,50,alpaca,100,6,0.0003271407913416624,0.0003354988681773345
meta-llama/Llama-3.2-3B-Instruct,50,alpaca,100,7,0.00032748068527628976,0.0003374173538759351
meta-llama/Llama-3.2-3B-Instruct,50,alpaca,100,8,0.00032795356431355077,0.0003400032874196768
meta-llama/Llama-3.2-3B-Instruct,50,alpaca,100,9,0.00032820471096783876,0.00034138707754512626
meta-llama/Llama-3.2-3B-Instruct,50,alpaca,100,10,0.00032845585762212676,0.00034274378170569736
meta-llama/Llama-3.2-3B-Instruct,50,alpaca,100,11,0.00032872970526417095,0.0003443103438864152
meta-llama/Llama-3.2-3B-Instruct,50,alpaca,100,12,0.0003293362290908893,0.0003474660140151779
meta-llama/Llama-3.2-3B-Instruct,50,alpaca,100,13,0.00032975850626826286,0.000349742011167109
meta-llama/Llama-3.2-3B-Instruct,50,alpaca,100,14,0.0003305635182186961,0.00035411557958771783
meta-llama/Llama-3.2-3B-Instruct,50,alpaca,100,15,0.00033178079562882584,0.00036066114747275907
meta-llama/Llama-3.2-3B-Instruct,50,alpaca,100,16,0.00033359264489263296,0.0003700351808220148
meta-llama/Llama-3.2-3B-Instruct,50,alpaca,100,17,0.00033539405558258295,0.00037957087624818087
meta-llama/Llama-3.2-3B-Instruct,50,alpaca,100,18,0.000337060463304321,0.0003884244943037629
meta-llama/Llama-3.2-3B-Instruct,50,alpaca,100,19,0.0003389841488872965,0.0003988265137498577
meta-llama/Llama-3.2-3B-Instruct,50,alpaca,100,20,0.0003431393609692653,0.0004201946236814062
meta-llama/Llama-3.2-3B-Instruct,50,alpaca,100,21,0.0003468486247584224,0.0004400321049615741
meta-llama/Llama-3.2-3B-Instruct,50,alpaca,100,22,0.0003500246675685048,0.00045788839148978394
meta-llama/Llama-3.2-3B-Instruct,50,alpaca,100,23,0.0003545177945246299,0.0004826153938968976
meta-llama/Llama-3.2-3B-Instruct,50,alpaca,100,24,0.0003601348338027795,0.000514075121221443
meta-llama/Llama-3.2-3B-Instruct,50,alpaca,100,25,0.0003666945655519764,0.0005509493251641592
meta-llama/Llama-3.2-3B-Instruct,50,alpaca,100,26,0.000377061505181094,0.000610247952863574
meta-llama/Llama-3.2-3B-Instruct,50,alpaca,100,27,0.0003915548635025819,0.0006948026518026987
meta-llama/Llama-3.2-3B-Instruct,50,alpaca,100,28,0.010941840708255768,0.050859679778416954
meta-llama/Llama-3.2-3B-Instruct,60,alpaca,100,1,0.0007238149798164765,0.0036082404355208078
meta-llama/Llama-3.2-3B-Instruct,60,alpaca,100,2,0.00032593247791131336,0.00032839179039001465
meta-llama/Llama-3.2-3B-Instruct,60,alpaca,100,3,0.00032628556558241445,0.00033065183864285547
meta-llama/Llama-3.2-3B-Instruct,60,alpaca,100,4,0.00032669880116979283,0.000333193961220483
meta-llama/Llama-3.2-3B-Instruct,60,alpaca,100,5,0.00032711063977330923,0.0003356321637208263
meta-llama/Llama-3.2-3B-Instruct,60,alpaca,100,6,0.0003275220515206456,0.00033804351308693487
meta-llama/Llama-3.2-3B-Instruct,60,alpaca,100,7,0.00032795263299097616,0.0003405159416918953
meta-llama/Llama-3.2-3B-Instruct,60,alpaca,100,8,0.00032853040223320323,0.0003437414998188615
meta-llama/Llama-3.2-3B-Instruct,60,alpaca,100,9,0.0003288478668158253,0.0003455221885815263
meta-llama/Llama-3.2-3B-Instruct,60,alpaca,100,10,0.0003291687462478876,0.00034729189549883205
meta-llama/Llama-3.2-3B-Instruct,60,alpaca,100,11,0.0003295202429095904,0.0003493378171697259
meta-llama/Llama-3.2-3B-Instruct,60,alpaca,100,12,0.0003302751962716381,0.00035334219379971427
meta-llama/Llama-3.2-3B-Instruct,60,alpaca,100,13,0.00033082650043070316,0.0003563781113674243
meta-llama/Llama-3.2-3B-Instruct,60,alpaca,100,14,0.0003318535552049677,0.0003621266223490238
meta-llama/Llama-3.2-3B-Instruct,60,alpaca,100,15,0.0003334099504475792,0.0003707656093562643
meta-llama/Llama-3.2-3B-Instruct,60,alpaca,100,16,0.00033571862149983644,0.00038312189280986786
meta-llama/Llama-3.2-3B-Instruct,60,alpaca,100,17,0.00033798208460211754,0.0003956264505783717
meta-llama/Llama-3.2-3B-Instruct,60,alpaca,100,18,0.0003400990196193258,0.00040745843822757405
meta-llama/Llama-3.2-3B-Instruct,60,alpaca,100,19,0.0003425672184675932,0.00042156879014025134
meta-llama/Llama-3.2-3B-Instruct,60,alpaca,100,20,0.0003479063355674346,0.00045057025272399187
meta-llama/Llama-3.2-3B-Instruct,60,alpaca,100,21,0.0003527146764099598,0.00047813212343802053
meta-llama/Llama-3.2-3B-Instruct,60,alpaca,100,22,0.00035692293507357437,0.0005037306497494379
meta-llama/Llama-3.2-3B-Instruct,60,alpaca,100,23,0.0003627364058047533,0.0005386916066830357
meta-llama/Llama-3.2-3B-Instruct,60,alpaca,100,24,0.00036996265407651663,0.0005834734765812755
meta-llama/Llama-3.2-3B-Instruct,60,alpaca,100,25,0.0003783935680985451,0.0006365504814311862
meta-llama/Llama-3.2-3B-Instruct,60,alpaca,100,26,0.00039171897030125063,0.0007225959561765194
meta-llama/Llama-3.2-3B-Instruct,60,alpaca,100,27,0.0004102149202177922,0.0008470242998252312
meta-llama/Llama-3.2-3B-Instruct,60,alpaca,100,28,0.014112597952286402,0.07408435146013896
meta-llama/Llama-3.2-3B-Instruct,70,alpaca,100,1,0.0008086943222830693,0.0049150775497158366
meta-llama/Llama-3.2-3B-Instruct,70,alpaca,100,2,0.0003260047718261679,0.0003289217905451854
meta-llama/Llama-3.2-3B-Instruct,70,alpaca,100,3,0.00032641994766891,0.0003316076860452692
meta-llama/Llama-3.2-3B-Instruct,70,alpaca,100,4,0.00032691149196277064,0.00033466510164241
meta-llama/Llama-3.2-3B-Instruct,70,alpaca,100,5,0.00032740412279963493,0.0003376137465238571
meta-llama/Llama-3.2-3B-Instruct,70,alpaca,100,6,0.0003279010221982996,0.0003405640600249171
meta-llama/Llama-3.2-3B-Instruct,70,alpaca,100,7,0.0003284240374341607,0.00034359974476198357
meta-llama/Llama-3.2-3B-Instruct,70,alpaca,100,8,0.00032910479543109733,0.0003474640737598141
meta-llama/Llama-3.2-3B-Instruct,70,alpaca,100,9,0.00032949090624849003,0.0003496601711958647
meta-llama/Llama-3.2-3B-Instruct,70,alpaca,100,10,0.00032987643498927355,0.0003518143591160576
meta-llama/Llama-3.2-3B-Instruct,70,alpaca,100,11,0.00033030903432518244,0.00035436206962913275
meta-llama/Llama-3.2-3B-Instruct,70,alpaca,100,12,0.0003312086531271537,0.0003592134841407339
meta-llama/Llama-3.2-3B-Instruct,70,alpaca,100,13,0.00033189022603134316,0.0003630267068122824
meta-llama/Llama-3.2-3B-Instruct,70,alpaca,100,14,0.00033313486104210216,0.00037014395153770846
meta-llama/Llama-3.2-3B-Instruct,70,alpaca,100,15,0.00033504558571924764,0.000381012330763042
meta-llama/Llama-3.2-3B-Instruct,70,alpaca,100,16,0.000337852630764246,0.0003964774077758193
meta-llama/Llama-3.2-3B-Instruct,70,alpaca,100,17,0.00034059285341451567,0.0004121780317897598
meta-llama/Llama-3.2-3B-Instruct,70,alpaca,100,18,0.00034318006752679747,0.000427271433485051
meta-llama/Llama-3.2-3B-Instruct,70,alpaca,100,19,0.00034620189884056646,0.0004453403331960241
meta-llama/Llama-3.2-3B-Instruct,70,alpaca,100,20,0.00035279407165944576,0.0004829614966486891
meta-llama/Llama-3.2-3B-Instruct,70,alpaca,100,21,0.0003587498019138972,0.0005192306125536561
meta-llama/Llama-3.2-3B-Instruct,70,alpaca,100,22,0.00036404223646968603,0.000553720824730893
meta-llama/Llama-3.2-3B-Instruct,70,alpaca,100,23,0.00037124733595798415,0.0006006050001208981
meta-llama/Llama-3.2-3B-Instruct,70,alpaca,100,24,0.0003801751881837845,0.0006611276573191086
meta-llama/Llama-3.2-3B-Instruct,70,alpaca,100,25,0.00039053203848501045,0.0007332551758736372
meta-llama/Llama-3.2-3B-Instruct,70,alpaca,100,26,0.00040696355669448775,0.0008516088128089905
meta-llama/Llama-3.2-3B-Instruct,70,alpaca,100,27,0.0004296789799506466,0.0010249981035788853
meta-llama/Llama-3.2-3B-Instruct,70,alpaca,100,28,0.017418925960858662,0.09681689739227295
meta-llama/Llama-3.2-3B-Instruct,80,alpaca,100,1,0.0008980505323658387,0.006432989612221718
meta-llama/Llama-3.2-3B-Instruct,80,alpaca,100,2,0.00032607722096145153,0.0003294452714423339
meta-llama/Llama-3.2-3B-Instruct,80,alpaca,100,3,0.00032655611479034025,0.0003325619812433918
meta-llama/Llama-3.2-3B-Instruct,80,alpaca,100,4,0.00032712495885789394,0.00033612440650661785
meta-llama/Llama-3.2-3B-Instruct,80,alpaca,100,5,0.00032769888639450073,0.00033958256244659424
meta-llama/Llama-3.2-3B-Instruct,80,alpaca,100,6,0.0003282793719942371,0.0003430560075988372
meta-llama/Llama-3.2-3B-Instruct,80,alpaca,100,7,0.0003288950538262725,0.00034665789765616256
meta-llama/Llama-3.2-3B-Instruct,80,alpaca,100,8,0.0003296805080026388,0.00035117112565785646
meta-llama/Llama-3.2-3B-Instruct,80,alpaca,100,9,0.0003301321994513273,0.0003537680410469572
meta-llama/Llama-3.2-3B-Instruct,80,alpaca,100,10,0.00033058354165405035,0.0003563138113046686
meta-llama/Llama-3.2-3B-Instruct,80,alpaca,100,11,0.0003310942944760124,0.00035934980648259324
meta-llama/Llama-3.2-3B-Instruct,80,alpaca,100,12,0.0003321379578361909,0.000365059783992668
meta-llama/Llama-3.2-3B-Instruct,80,alpaca,100,13,0.00033296054850022,0.00036972757273664075
meta-llama/Llama-3.2-3B-Instruct,80,alpaca,100,14,0.00033444204988578957,0.0003783465751136343
meta-llama/Llama-3.2-3B-Instruct,80,alpaca,100,15,0.00033673221090187627,0.0003916327841579914
meta-llama/Llama-3.2-3B-Instruct,80,alpaca,100,16,0.00034004120000948507,0.0004103026973704497
meta-llama/Llama-3.2-3B-Instruct,80,alpaca,100,17,0.0003432575613260269,0.0004292891826480627
meta-llama/Llama-3.2-3B-Instruct,80,alpaca,100,18,0.0003463335257644455,0.0004478708530465762
meta-llama/Llama-3.2-3B-Instruct,80,alpaca,100,19,0.0003499130640799801,0.0004701038512090842
meta-llama/Llama-3.2-3B-Instruct,80,alpaca,100,20,0.00035778219656397897,0.0005170010651151339
meta-llama/Llama-3.2-3B-Instruct,80,alpaca,100,21,0.000364904369538029,0.0005627594267328581
meta-llama/Llama-3.2-3B-Instruct,80,alpaca,100,22,0.00037131427476803464,0.000607112655416131
meta-llama/Llama-3.2-3B-Instruct,80,alpaca,100,23,0.0003799284265066187,0.000667170233403643
meta-llama/Llama-3.2-3B-Instruct,80,alpaca,100,24,0.00039064154649774235,0.0007458103355020285
meta-llama/Llama-3.2-3B-Instruct,80,alpaca,100,25,0.00040302130704124767,0.0008400715111444393
meta-llama/Llama-3.2-3B-Instruct,80,alpaca,100,26,0.0004226580106963714,0.0009958012960851192
meta-llama/Llama-3.2-3B-Instruct,80,alpaca,100,27,0.00044975674245506525,0.0012264620357503493
meta-llama/Llama-3.2-3B-Instruct,80,alpaca,100,28,0.020392718414465588,0.11552922924359639
meta-llama/Llama-3.2-3B-Instruct,90,alpaca,100,1,0.0009905851135651271,0.00813631402949492
meta-llama/Llama-3.2-3B-Instruct,90,alpaca,100,2,0.00032614652688304585,0.0003299419768154621
meta-llama/Llama-3.2-3B-Instruct,90,alpaca,100,3,0.00032668533579756814,0.0003334600866461794
meta-llama/Llama-3.2-3B-Instruct,90,alpaca,100,4,0.0003273256200676163,0.00033748592250049114
meta-llama/Llama-3.2-3B-Instruct,90,alpaca,100,5,0.0003279798353711764,0.00034144769112269085
meta-llama/Llama-3.2-3B-Instruct,90,alpaca,100,6,0.0003286409579838316,0.0003454280861963828
meta-llama/Llama-3.2-3B-Instruct,90,alpaca,100,7,0.0003293391006688277,0.00034953211434185505
meta-llama/Llama-3.2-3B-Instruct,90,alpaca,100,8,0.0003302216452235977,0.0003546559407065312
meta-llama/Llama-3.2-3B-Instruct,90,alpaca,100,9,0.0003307359681154291,0.0003576381132006645
meta-llama/Llama-3.2-3B-Instruct,90,alpaca,100,10,0.00033125129994004965,0.0003605718957260251
meta-llama/Llama-3.2-3B-Instruct,90,alpaca,100,11,0.0003318355108300845,0.0003640684687222044
meta-llama/Llama-3.2-3B-Instruct,90,alpaca,100,12,0.00033302259786675376,0.0003706519880021612
meta-llama/Llama-3.2-3B-Instruct,90,alpaca,100,13,0.000333980501939853,0.00037614248382548493
meta-llama/Llama-3.2-3B-Instruct,90,alpaca,100,14,0.0003356938638413946,0.0003862466352681319
meta-llama/Llama-3.2-3B-Instruct,90,alpaca,100,15,0.0003383554285392165,0.00040193557894478243
meta-llama/Llama-3.2-3B-Instruct,90,alpaca,100,16,0.0003421448248748978,0.00042375316843390465
meta-llama/Llama-3.2-3B-Instruct,90,alpaca,100,17,0.00034582622659703094,0.0004460429384683569
meta-llama/Llama-3.2-3B-Instruct,90,alpaca,100,18,0.00034937992071111995,0.00046815626168002683
meta-llama/Llama-3.2-3B-Instruct,90,alpaca,100,19,0.00035350117832422256,0.0004946062496552864
meta-llama/Llama-3.2-3B-Instruct,90,alpaca,100,20,0.0003626127339278658,0.0005509865780671438
meta-llama/Llama-3.2-3B-Instruct,90,alpaca,100,21,0.00037088066649933654,0.0006066497880965471
meta-llama/Llama-3.2-3B-Instruct,90,alpaca,100,22,0.0003783841384574771,0.0006613641356428465
meta-llama/Llama-3.2-3B-Instruct,90,alpaca,100,23,0.0003883920532340805,0.0007355129346251488
meta-llama/Llama-3.2-3B-Instruct,90,alpaca,100,24,0.0004008729786922534,0.0008336797667046388
meta-llama/Llama-3.2-3B-Instruct,90,alpaca,100,25,0.0004152613303934534,0.0009521022439002991
meta-llama/Llama-3.2-3B-Instruct,90,alpaca,100,26,0.0004381089626501004,0.00114913711634775
meta-llama/Llama-3.2-3B-Instruct,90,alpaca,100,27,0.000469752859013776,0.0014453637413680553
meta-llama/Llama-3.2-3B-Instruct,90,alpaca,100,28,0.02305569499731064,0.1311856508255005
meta-llama/Llama-3.2-3B-Instruct,100,alpaca,100,1,0.0010899333283305168,0.010048755755027136
meta-llama/Llama-3.2-3B-Instruct,100,alpaca,100,2,0.00032622025658686954,0.0003304606070742011
meta-llama/Llama-3.2-3B-Instruct,100,alpaca,100,3,0.0003268240640560786,0.00033440902673949796
meta-llama/Llama-3.2-3B-Instruct,100,alpaca,100,4,0.0003275416869049271,0.000338931141110758
meta-llama/Llama-3.2-3B-Instruct,100,alpaca,100,5,0.00032827424972007674,0.00034338115559269983
meta-llama/Llama-3.2-3B-Instruct,100,alpaca,100,6,0.0003290225674087803,0.0003479037356252472
meta-llama/Llama-3.2-3B-Instruct,100,alpaca,100,7,0.0003298136095205943,0.000352573503429691
meta-llama/Llama-3.2-3B-Instruct,100,alpaca,100,8,0.0003308068650464217,0.00035838771145790815
meta-llama/Llama-3.2-3B-Instruct,100,alpaca,100,9,0.0003313803269217412,0.0003617319744080305
meta-llama/Llama-3.2-3B-Instruct,100,alpaca,100,10,0.0003319637229045232,0.0003650754224509001
meta-llama/Llama-3.2-3B-Instruct,100,alpaca,100,11,0.00033262744545936584,0.0003690699425836404
meta-llama/Llama-3.2-3B-Instruct,100,alpaca,100,12,0.0003339692096536358,0.00037659588269889355
meta-llama/Llama-3.2-3B-Instruct,100,alpaca,100,13,0.00033507170155644417,0.00038297497667372227
meta-llama/Llama-3.2-3B-Instruct,100,alpaca,100,14,0.0003370333385343353,0.0003946769672135512
meta-llama/Llama-3.2-3B-Instruct,100,alpaca,100,15,0.000340097079363962,0.00041299239577104646
meta-llama/Llama-3.2-3B-Instruct,100,alpaca,100,16,0.0003444115088010828,0.0004383301129564643
meta-llama/Llama-3.2-3B-Instruct,100,alpaca,100,17,0.00034859112929552794,0.0004642447456717491
meta-llama/Llama-3.2-3B-Instruct,100,alpaca,100,18,0.00035266613122075796,0.0004903365625068545
meta-llama/Llama-3.2-3B-Instruct,100,alpaca,100,19,0.000357405049726367,0.0005217435924957196
meta-llama/Llama-3.2-3B-Instruct,100,alpaca,100,20,0.0003678816913937529,0.0005890410005425414
meta-llama/Llama-3.2-3B-Instruct,100,alpaca,100,21,0.000377426544825236,0.0006563309580087662
meta-llama/Llama-3.2-3B-Instruct,100,alpaca,100,22,0.00038613964958737296,0.0007232187005380789
meta-llama/Llama-3.2-3B-Instruct,100,alpaca,100,23,0.00039766849173853797,0.0008138791502763828
meta-llama/Llama-3.2-3B-Instruct,100,alpaca,100,24,0.0004121004991854231,0.0009353192678342263
meta-llama/Llama-3.2-3B-Instruct,100,alpaca,100,25,0.0004286862288912137,0.0010824224445968866
meta-llama/Llama-3.2-3B-Instruct,100,alpaca,100,26,0.00045510451309382915,0.0013295320483545463
meta-llama/Llama-3.2-3B-Instruct,100,alpaca,100,27,0.0004918942771231135,0.001706259014705817
meta-llama/Llama-3.2-3B-Instruct,100,alpaca,100,28,0.02545890212059021,0.14452534914016724
mistralai/Mistral-7B-Instruct-v0.2,10,alpaca,100,1,0.0010512986183166505,0.0011790928840637207
mistralai/Mistral-7B-Instruct-v0.2,10,alpaca,100,2,0.001000065326690674,0.0010004357099533082
mistralai/Mistral-7B-Instruct-v0.2,10,alpaca,100,3,0.0010001477003097534,0.0010009225606918335
mistralai/Mistral-7B-Instruct-v0.2,10,alpaca,100,4,0.0010002785921096801,0.0010016475915908814
mistralai/Mistral-7B-Instruct-v0.2,10,alpaca,100,5,0.0010004072189331054,0.0010023342370986939
mistralai/Mistral-7B-Instruct-v0.2,10,alpaca,100,6,0.0010005873441696167,0.001003259778022766
mistralai/Mistral-7B-Instruct-v0.2,10,alpaca,100,7,0.0010009249448776245,0.0010049097537994385
mistralai/Mistral-7B-Instruct-v0.2,10,alpaca,100,8,0.0010011881589889527,0.0010061650276184083
mistralai/Mistral-7B-Instruct-v0.2,10,alpaca,100,9,0.0010018638372421265,0.0010091155767440797
mistralai/Mistral-7B-Instruct-v0.2,10,alpaca,100,10,0.0010022757053375245,0.0010109648704528808
mistralai/Mistral-7B-Instruct-v0.2,10,alpaca,100,11,0.0010027846097946168,0.001013162136077881
mistralai/Mistral-7B-Instruct-v0.2,10,alpaca,100,12,0.0010035194158554076,0.0010163038969039917
mistralai/Mistral-7B-Instruct-v0.2,10,alpaca,100,13,0.0010039005279541015,0.0010179634094238282
mistralai/Mistral-7B-Instruct-v0.2,10,alpaca,100,14,0.0010047260522842408,0.0010214011669158936
mistralai/Mistral-7B-Instruct-v0.2,10,alpaca,100,15,0.0010058205127716064,0.0010258338451385497
mistralai/Mistral-7B-Instruct-v0.2,10,alpaca,100,16,0.001007514476776123,0.0010324681997299194
mistralai/Mistral-7B-Instruct-v0.2,10,alpaca,100,17,0.0010102319717407227,0.001042857527732849
mistralai/Mistral-7B-Instruct-v0.2,10,alpaca,100,18,0.0010148099660873414,0.0010594719648361207
mistralai/Mistral-7B-Instruct-v0.2,10,alpaca,100,19,0.0010219287872314453,0.0010842602252960204
mistralai/Mistral-7B-Instruct-v0.2,10,alpaca,100,20,0.0010319381952285766,0.0011174709796905517
mistralai/Mistral-7B-Instruct-v0.2,10,alpaca,100,21,0.00104123318195343,0.00114762544631958
mistralai/Mistral-7B-Instruct-v0.2,10,alpaca,100,22,0.0010492173433303833,0.0011730855703353882
mistralai/Mistral-7B-Instruct-v0.2,10,alpaca,100,23,0.001057849645614624,0.0012002918720245362
mistralai/Mistral-7B-Instruct-v0.2,10,alpaca,100,24,0.0010669227838516235,0.0012283867597579956
mistralai/Mistral-7B-Instruct-v0.2,10,alpaca,100,25,0.0010754088163375856,0.0012544879913330077
mistralai/Mistral-7B-Instruct-v0.2,10,alpaca,100,26,0.00108559787273407,0.0012853996753692627
mistralai/Mistral-7B-Instruct-v0.2,10,alpaca,100,27,0.0010969405174255371,0.0013195400238037109
mistralai/Mistral-7B-Instruct-v0.2,10,alpaca,100,28,0.0011151671409606934,0.0013733816146850586
mistralai/Mistral-7B-Instruct-v0.2,10,alpaca,100,29,0.0011483515501022339,0.001468869686126709
mistralai/Mistral-7B-Instruct-v0.2,10,alpaca,100,30,0.0011839060783386231,0.001567977786064148
mistralai/Mistral-7B-Instruct-v0.2,10,alpaca,100,31,0.0013161594867706298,0.0019216119050979614
mistralai/Mistral-7B-Instruct-v0.2,10,alpaca,100,32,0.008053050994873048,0.008851021766662597
mistralai/Mistral-7B-Instruct-v0.2,20,alpaca,100,1,0.0005581509470939636,0.0007241471409797669
mistralai/Mistral-7B-Instruct-v0.2,20,alpaca,100,2,0.0005000732541084289,0.0005004966855049134
mistralai/Mistral-7B-Instruct-v0.2,20,alpaca,100,3,0.0005001620650291442,0.0005010341405868531
mistralai/Mistral-7B-Instruct-v0.2,20,alpaca,100,4,0.0005003083944320678,0.0005018684267997742
mistralai/Mistral-7B-Instruct-v0.2,20,alpaca,100,5,0.0005004542469978332,0.0005026646256446838
mistralai/Mistral-7B-Instruct-v0.2,20,alpaca,100,6,0.000500665545463562,0.0005037792325019837
mistralai/Mistral-7B-Instruct-v0.2,20,alpaca,100,7,0.0005010010004043579,0.0005054640769958496
mistralai/Mistral-7B-Instruct-v0.2,20,alpaca,100,8,0.0005013447999954224,0.0005071377158164978
mistralai/Mistral-7B-Instruct-v0.2,20,alpaca,100,9,0.0005018587112426757,0.0005094754695892334
mistralai/Mistral-7B-Instruct-v0.2,20,alpaca,100,10,0.0005023230314254761,0.0005116377472877502
mistralai/Mistral-7B-Instruct-v0.2,20,alpaca,100,11,0.0005029129981994629,0.0005143085718154907
mistralai/Mistral-7B-Instruct-v0.2,20,alpaca,100,12,0.0005036605596542359,0.0005176579356193543
mistralai/Mistral-7B-Instruct-v0.2,20,alpaca,100,13,0.0005042429566383362,0.000520232617855072
mistralai/Mistral-7B-Instruct-v0.2,20,alpaca,100,14,0.000505228340625763,0.0005244688987731934
mistralai/Mistral-7B-Instruct-v0.2,20,alpaca,100,15,0.0005064635872840882,0.0005296046733856201
mistralai/Mistral-7B-Instruct-v0.2,20,alpaca,100,16,0.000508280873298645,0.000537047266960144
mistralai/Mistral-7B-Instruct-v0.2,20,alpaca,100,17,0.000511170506477356,0.0005485842227935791
mistralai/Mistral-7B-Instruct-v0.2,20,alpaca,100,18,0.0005158391594886779,0.0005667077302932739
mistralai/Mistral-7B-Instruct-v0.2,20,alpaca,100,19,0.0005224106311798095,0.0005913866758346558
mistralai/Mistral-7B-Instruct-v0.2,20,alpaca,100,20,0.0005316879749298096,0.000625329315662384
mistralai/Mistral-7B-Instruct-v0.2,20,alpaca,100,21,0.0005413272380828857,0.0006608238220214844
mistralai/Mistral-7B-Instruct-v0.2,20,alpaca,100,22,0.0005505409240722656,0.0006946596503257751
mistralai/Mistral-7B-Instruct-v0.2,20,alpaca,100,23,0.0005597258806228638,0.0007282361388206482
mistralai/Mistral-7B-Instruct-v0.2,20,alpaca,100,24,0.0005692181587219239,0.0007628751993179322
mistralai/Mistral-7B-Instruct-v0.2,20,alpaca,100,25,0.000578598439693451,0.0007973577976226806
mistralai/Mistral-7B-Instruct-v0.2,20,alpaca,100,26,0.00058920818567276,0.0008366251587867737
mistralai/Mistral-7B-Instruct-v0.2,20,alpaca,100,27,0.0006019819378852844,0.0008841508626937866
mistralai/Mistral-7B-Instruct-v0.2,20,alpaca,100,28,0.0006212912201881409,0.0009552027583122253
mistralai/Mistral-7B-Instruct-v0.2,20,alpaca,100,29,0.0006559914350509643,0.0010812734365463258
mistralai/Mistral-7B-Instruct-v0.2,20,alpaca,100,30,0.0006981906294822693,0.0012321186065673828
mistralai/Mistral-7B-Instruct-v0.2,20,alpaca,100,31,0.0008540071249008178,0.0017792091369628906
mistralai/Mistral-7B-Instruct-v0.2,20,alpaca,100,32,0.008229039192199706,0.010745410919189452
mistralai/Mistral-7B-Instruct-v0.2,30,alpaca,100,1,0.0003931850592295329,0.0005749173164367676
mistralai/Mistral-7B-Instruct-v0.2,30,alpaca,100,2,0.0003883887529373169,0.0004374382495880127
mistralai/Mistral-7B-Instruct-v0.2,30,alpaca,100,3,0.0003885344664255778,0.0004380876223246256
mistralai/Mistral-7B-Instruct-v0.2,30,alpaca,100,4,0.0003886839151382446,0.000438942551612854
mistralai/Mistral-7B-Instruct-v0.2,30,alpaca,100,5,0.00038883336385091147,0.0004397819439570109
mistralai/Mistral-7B-Instruct-v0.2,30,alpaca,100,6,0.0003889778852462769,0.0004408655563990275
mistralai/Mistral-7B-Instruct-v0.2,30,alpaca,100,7,0.000389248530069987,0.00044249411424001055
mistralai/Mistral-7B-Instruct-v0.2,30,alpaca,100,8,0.00038957170645395915,0.0004443317651748657
mistralai/Mistral-7B-Instruct-v0.2,30,alpaca,100,9,0.0003904368082682292,0.0004471382697423299
mistralai/Mistral-7B-Instruct-v0.2,30,alpaca,100,10,0.00039405608177185057,0.0004538458585739136
mistralai/Mistral-7B-Instruct-v0.2,30,alpaca,100,11,0.00039456876118977867,0.0004565968116124471
mistralai/Mistral-7B-Instruct-v0.2,30,alpaca,100,12,0.00039531465371449786,0.00046007593472798664
mistralai/Mistral-7B-Instruct-v0.2,30,alpaca,100,13,0.00039668949445088706,0.00046404314041137694
mistralai/Mistral-7B-Instruct-v0.2,30,alpaca,100,14,0.00039769991238911944,0.00046865089734395346
mistralai/Mistral-7B-Instruct-v0.2,30,alpaca,100,15,0.0003978199561436971,0.00047153814633687336
mistralai/Mistral-7B-Instruct-v0.2,30,alpaca,100,16,0.0003994476000467936,0.0004789431095123291
mistralai/Mistral-7B-Instruct-v0.2,30,alpaca,100,17,0.0004021319548288981,0.0004909177223841349
mistralai/Mistral-7B-Instruct-v0.2,30,alpaca,100,18,0.00040627471605936684,0.000508580485979716
mistralai/Mistral-7B-Instruct-v0.2,30,alpaca,100,19,0.00041186757882436117,0.0005325762828191121
mistralai/Mistral-7B-Instruct-v0.2,30,alpaca,100,20,0.00041908717155456543,0.00056429922580719
mistralai/Mistral-7B-Instruct-v0.2,30,alpaca,100,21,0.00042762871583302815,0.0006002964576085408
mistralai/Mistral-7B-Instruct-v0.2,30,alpaca,100,22,0.0004354769786198934,0.0006335029602050781
mistralai/Mistral-7B-Instruct-v0.2,30,alpaca,100,23,0.0004437677462895711,0.0006685048739115397
mistralai/Mistral-7B-Instruct-v0.2,30,alpaca,100,24,0.0004516900380452474,0.0007025919755299886
mistralai/Mistral-7B-Instruct-v0.2,30,alpaca,100,25,0.00046040757497151693,0.0007402646541595459
mistralai/Mistral-7B-Instruct-v0.2,30,alpaca,100,26,0.00047033592065175373,0.0007827510833740234
mistralai/Mistral-7B-Instruct-v0.2,30,alpaca,100,27,0.00048163350423177084,0.0008323477109273275
mistralai/Mistral-7B-Instruct-v0.2,30,alpaca,100,28,0.0004994575182596842,0.0009094827969868978
mistralai/Mistral-7B-Instruct-v0.2,30,alpaca,100,29,0.0005314147075017293,0.0010464333693186443
mistralai/Mistral-7B-Instruct-v0.2,30,alpaca,100,30,0.0005733567873636882,0.0012260144551595052
mistralai/Mistral-7B-Instruct-v0.2,30,alpaca,100,31,0.0007019034226735433,0.0018356571197509766
mistralai/Mistral-7B-Instruct-v0.2,30,alpaca,100,32,0.005861397425333659,0.009902208328247071
mistralai/Mistral-7B-Instruct-v0.2,40,alpaca,100,1,0.00031087133288383486,0.000531397521495819
mistralai/Mistral-7B-Instruct-v0.2,40,alpaca,100,2,0.0003039219081401825,0.00034526970982551574
mistralai/Mistral-7B-Instruct-v0.2,40,alpaca,100,3,0.00030407577753067017,0.000345942884683609
mistralai/Mistral-7B-Instruct-v0.2,40,alpaca,100,4,0.0003042294979095459,0.0003468330800533295
mistralai/Mistral-7B-Instruct-v0.2,40,alpaca,100,5,0.00030438977479934693,0.000347763180732727
mistralai/Mistral-7B-Instruct-v0.2,40,alpaca,100,6,0.00030454602837562563,0.0003490017652511597
mistralai/Mistral-7B-Instruct-v0.2,40,alpaca,100,7,0.00030483153462409975,0.00035081607103347776
mistralai/Mistral-7B-Instruct-v0.2,40,alpaca,100,8,0.00030517685413360596,0.0003528727889060974
mistralai/Mistral-7B-Instruct-v0.2,40,alpaca,100,9,0.0003059406578540802,0.00035563662648200987
mistralai/Mistral-7B-Instruct-v0.2,40,alpaca,100,10,0.00030857178568840024,0.0003607957661151886
mistralai/Mistral-7B-Instruct-v0.2,40,alpaca,100,11,0.0003090449869632721,0.00036374959349632263
mistralai/Mistral-7B-Instruct-v0.2,40,alpaca,100,12,0.00030975341796875,0.0003674945831298828
mistralai/Mistral-7B-Instruct-v0.2,40,alpaca,100,13,0.00031086379289627076,0.000371323823928833
mistralai/Mistral-7B-Instruct-v0.2,40,alpaca,100,14,0.00031179022789001463,0.000376118004322052
mistralai/Mistral-7B-Instruct-v0.2,40,alpaca,100,15,0.0003095642924308777,0.000375877171754837
mistralai/Mistral-7B-Instruct-v0.2,40,alpaca,100,16,0.0003111601769924164,0.0003838222026824951
mistralai/Mistral-7B-Instruct-v0.2,40,alpaca,100,17,0.00031362727284431455,0.0003962538242340088
mistralai/Mistral-7B-Instruct-v0.2,40,alpaca,100,18,0.000317621111869812,0.0004150589108467102
mistralai/Mistral-7B-Instruct-v0.2,40,alpaca,100,19,0.00032286638021469116,0.0004408113956451416
mistralai/Mistral-7B-Instruct-v0.2,40,alpaca,100,20,0.0003293237090110779,0.000474631130695343
mistralai/Mistral-7B-Instruct-v0.2,40,alpaca,100,21,0.00033741557598114015,0.0005146836638450623
mistralai/Mistral-7B-Instruct-v0.2,40,alpaca,100,22,0.000345001220703125,0.0005533378124237061
mistralai/Mistral-7B-Instruct-v0.2,40,alpaca,100,23,0.00035314059257507326,0.0005946369171142579
mistralai/Mistral-7B-Instruct-v0.2,40,alpaca,100,24,0.000360841304063797,0.0006359912753105164
mistralai/Mistral-7B-Instruct-v0.2,40,alpaca,100,25,0.00036978134512901306,0.0006840863823890686
mistralai/Mistral-7B-Instruct-v0.2,40,alpaca,100,26,0.00037960126996040345,0.0007367440462112426
mistralai/Mistral-7B-Instruct-v0.2,40,alpaca,100,27,0.00039071151614189145,0.0007989670634269714
mistralai/Mistral-7B-Instruct-v0.2,40,alpaca,100,28,0.00040845027565956113,0.0008961820602416992
mistralai/Mistral-7B-Instruct-v0.2,40,alpaca,100,29,0.0004385788142681122,0.0010615206956863404
mistralai/Mistral-7B-Instruct-v0.2,40,alpaca,100,30,0.00048127678036689756,0.0013029597997665406
mistralai/Mistral-7B-Instruct-v0.2,40,alpaca,100,31,0.0006255886554718018,0.0022665681838989257
mistralai/Mistral-7B-Instruct-v0.2,40,alpaca,100,32,0.0049849581718444825,0.013514826774597168
mistralai/Mistral-7B-Instruct-v0.2,50,alpaca,100,1,0.0003193684678990394,0.0006302595720626414
mistralai/Mistral-7B-Instruct-v0.2,50,alpaca,100,2,0.000296420679660514,0.0003368202014826238
mistralai/Mistral-7B-Instruct-v0.2,50,alpaca,100,3,0.00029659245046786964,0.00033765193074941635
mistralai/Mistral-7B-Instruct-v0.2,50,alpaca,100,4,0.00029677400016225874,0.0003387520555406809
mistralai/Mistral-7B-Instruct-v0.2,50,alpaca,100,5,0.0002969736815430224,0.0003399644047021866
mistralai/Mistral-7B-Instruct-v0.2,50,alpaca,100,6,0.000297191203571856,0.0003416342951823026
mistralai/Mistral-7B-Instruct-v0.2,50,alpaca,100,7,0.00029755476862192154,0.00034397965646348894
mistralai/Mistral-7B-Instruct-v0.2,50,alpaca,100,8,0.00029801420168951154,0.0003467818896751851
mistralai/Mistral-7B-Instruct-v0.2,50,alpaca,100,9,0.0002988589112646878,0.0003501632600091398
mistralai/Mistral-7B-Instruct-v0.2,50,alpaca,100,10,0.00030153035186231136,0.00035603667492978275
mistralai/Mistral-7B-Instruct-v0.2,50,alpaca,100,11,0.0003021713928319514,0.00036003973218612373
mistralai/Mistral-7B-Instruct-v0.2,50,alpaca,100,12,0.0003030789375770837,0.00036504637682810426
mistralai/Mistral-7B-Instruct-v0.2,50,alpaca,100,13,0.00030440097907558084,0.00037026204518042505
mistralai/Mistral-7B-Instruct-v0.2,50,alpaca,100,14,0.0003055967972613871,0.0003767551970668137
mistralai/Mistral-7B-Instruct-v0.2,50,alpaca,100,15,0.0003035857225768268,0.00037767141475342214
mistralai/Mistral-7B-Instruct-v0.2,50,alpaca,100,16,0.00030571536626666784,0.0003890023217536509
mistralai/Mistral-7B-Instruct-v0.2,50,alpaca,100,17,0.0003089516540057957,0.00040635024197399616
mistralai/Mistral-7B-Instruct-v0.2,50,alpaca,100,18,0.00031396481790579855,0.00043193550664000213
mistralai/Mistral-7B-Instruct-v0.2,50,alpaca,100,19,0.00032068369910120964,0.00046787073370069265
mistralai/Mistral-7B-Instruct-v0.2,50,alpaca,100,20,0.0003289559099357575,0.0005154281971044838
mistralai/Mistral-7B-Instruct-v0.2,50,alpaca,100,21,0.00033898866968229413,0.0005714903236366808
mistralai/Mistral-7B-Instruct-v0.2,50,alpaca,100,22,0.0003486077766865492,0.0006274425541050732
mistralai/Mistral-7B-Instruct-v0.2,50,alpaca,100,23,0.0003587944956962019,0.0006877600098960102
mistralai/Mistral-7B-Instruct-v0.2,50,alpaca,100,24,0.0003686564741656184,0.0007503730012103915
mistralai/Mistral-7B-Instruct-v0.2,50,alpaca,100,25,0.0003801848506554961,0.0008246637298725545
mistralai/Mistral-7B-Instruct-v0.2,50,alpaca,100,26,0.00039302106597460806,0.0009086002828553319
mistralai/Mistral-7B-Instruct-v0.2,50,alpaca,100,27,0.00040741745033301413,0.001008462393656373
mistralai/Mistral-7B-Instruct-v0.2,50,alpaca,100,28,0.00043050170643255115,0.001166152418591082
mistralai/Mistral-7B-Instruct-v0.2,50,alpaca,100,29,0.0004686242900788784,0.0014301957562565804
mistralai/Mistral-7B-Instruct-v0.2,50,alpaca,100,30,0.0005253167473711073,0.0018369379686191678
mistralai/Mistral-7B-Instruct-v0.2,50,alpaca,100,31,0.0007283309241756797,0.003575148992240429
mistralai/Mistral-7B-Instruct-v0.2,50,alpaca,100,32,0.005819325335323811,0.021556515246629715
mistralai/Mistral-7B-Instruct-v0.2,60,alpaca,100,1,0.0003362201969139278,0.0007730140932835639
mistralai/Mistral-7B-Instruct-v0.2,60,alpaca,100,2,0.00029617841937579215,0.00033665195223875344
mistralai/Mistral-7B-Instruct-v0.2,60,alpaca,100,3,0.00029637402622029185,0.00033767824061214924
mistralai/Mistral-7B-Instruct-v0.2,60,alpaca,100,4,0.00029658983112312853,0.00033904361771419644
mistralai/Mistral-7B-Instruct-v0.2,60,alpaca,100,5,0.00029683837783522904,0.0003406157484278083
mistralai/Mistral-7B-Instruct-v0.2,60,alpaca,100,6,0.00029713078401982784,0.00034283005516044796
mistralai/Mistral-7B-Instruct-v0.2,60,alpaca,100,7,0.00029758200980722904,0.000345793116139248
mistralai/Mistral-7B-Instruct-v0.2,60,alpaca,100,8,0.0002981613215524703,0.00034941083868034184
mistralai/Mistral-7B-Instruct-v0.2,60,alpaca,100,9,0.0002991135697811842,0.00035355103318579495
mistralai/Mistral-7B-Instruct-v0.2,60,alpaca,100,10,0.00030190800316631794,0.0003603569057304412
mistralai/Mistral-7B-Instruct-v0.2,60,alpaca,100,11,0.00030273530865088105,0.00036557638668455184
mistralai/Mistral-7B-Instruct-v0.2,60,alpaca,100,12,0.00030385798891074955,0.0003720053064171225
mistralai/Mistral-7B-Instruct-v0.2,60,alpaca,100,13,0.00030540331499651074,0.000378709431970492
mistralai/Mistral-7B-Instruct-v0.2,60,alpaca,100,14,0.00030690585845150054,0.000387189764296636
mistralai/Mistral-7B-Instruct-v0.2,60,alpaca,100,15,0.00030508474446833134,0.0003894680121447891
mistralai/Mistral-7B-Instruct-v0.2,60,alpaca,100,16,0.00030781523673795164,0.0004049676063004881
mistralai/Mistral-7B-Instruct-v0.2,60,alpaca,100,17,0.00031185097759589553,0.00042794644832611084
mistralai/Mistral-7B-Instruct-v0.2,60,alpaca,100,18,0.00031791903893463314,0.00046146937529556453
mistralai/Mistral-7B-Instruct-v0.2,60,alpaca,100,19,0.00032617783290334046,0.0005095183150842786
mistralai/Mistral-7B-Instruct-v0.2,60,alpaca,100,20,0.00033652642741799355,0.0005746172973886132
mistralai/Mistral-7B-Instruct-v0.2,60,alpaca,100,21,0.000348843343090266,0.0006520930910483003
mistralai/Mistral-7B-Instruct-v0.2,60,alpaca,100,22,0.0003607971884775907,0.0007313991081900895
mistralai/Mistral-7B-Instruct-v0.2,60,alpaca,100,23,0.00037351041100919247,0.0008190926746465266
mistralai/Mistral-7B-Instruct-v0.2,60,alpaca,100,24,0.00038614790537394583,0.0009134684805758297
mistralai/Mistral-7B-Instruct-v0.2,60,alpaca,100,25,0.000400800519855693,0.001026446116156876
mistralai/Mistral-7B-Instruct-v0.2,60,alpaca,100,26,0.0004170358879491687,0.001155755016952753
mistralai/Mistral-7B-Instruct-v0.2,60,alpaca,100,27,0.0004356069548521191,0.0013146990677341819
mistralai/Mistral-7B-Instruct-v0.2,60,alpaca,100,28,0.00046527714584954083,0.0015666444087401032
mistralai/Mistral-7B-Instruct-v0.2,60,alpaca,100,29,0.0005131232901476324,0.0019824174232780933
mistralai/Mistral-7B-Instruct-v0.2,60,alpaca,100,30,0.0005862872349098325,0.0026421237271279097
mistralai/Mistral-7B-Instruct-v0.2,60,alpaca,100,31,0.0008602258167229593,0.005610272753983736
mistralai/Mistral-7B-Instruct-v0.2,60,alpaca,100,32,0.0071512144058942795,0.033493950963020325
mistralai/Mistral-7B-Instruct-v0.2,70,alpaca,100,1,0.00035362783819437027,0.0009388562175445259
mistralai/Mistral-7B-Instruct-v0.2,70,alpaca,100,2,0.0002954061783384532,0.00033580284798517823
mistralai/Mistral-7B-Instruct-v0.2,70,alpaca,100,3,0.00029562864801846445,0.00033703717053867877
mistralai/Mistral-7B-Instruct-v0.2,70,alpaca,100,4,0.0002958826662506908,0.00033868776517920196
mistralai/Mistral-7B-Instruct-v0.2,70,alpaca,100,5,0.0002961835125461221,0.00034064598730765283
mistralai/Mistral-7B-Instruct-v0.2,70,alpaca,100,6,0.0002965568855870515,0.0003434484824538231
mistralai/Mistral-7B-Instruct-v0.2,70,alpaca,100,7,0.00029709507361985743,0.00034705232246778905
mistralai/Mistral-7B-Instruct-v0.2,70,alpaca,100,8,0.00029780008480884135,0.00035153102362528443
mistralai/Mistral-7B-Instruct-v0.2,70,alpaca,100,9,0.0002988757623825222,0.0003564718062989414
mistralai/Mistral-7B-Instruct-v0.2,70,alpaca,100,10,0.00030208309181034565,0.00036461895797401667
mistralai/Mistral-7B-Instruct-v0.2,70,alpaca,100,11,0.0003031153173651546,0.00037116059684194624
mistralai/Mistral-7B-Instruct-v0.2,70,alpaca,100,12,0.0003044712939299643,0.0003791103372350335
mistralai/Mistral-7B-Instruct-v0.2,70,alpaca,100,13,0.00030630372930318117,0.00038752189720980823
mistralai/Mistral-7B-Instruct-v0.2,70,alpaca,100,14,0.0003081470786128193,0.0003982646157965064
mistralai/Mistral-7B-Instruct-v0.2,70,alpaca,100,15,0.00030662253266200423,0.00040214930777437985
mistralai/Mistral-7B-Instruct-v0.2,70,alpaca,100,16,0.00031002485775388777,0.00042236660374328494
mistralai/Mistral-7B-Instruct-v0.2,70,alpaca,100,17,0.0003149450640194118,0.00045181933091953397
mistralai/Mistral-7B-Instruct-v0.2,70,alpaca,100,18,0.00032219942659139633,0.0004947346169501543
mistralai/Mistral-7B-Instruct-v0.2,70,alpaca,100,19,0.00033215287839993834,0.0005569685599766672
mistralai/Mistral-7B-Instruct-v0.2,70,alpaca,100,20,0.00034479956957511604,0.000642919447273016
mistralai/Mistral-7B-Instruct-v0.2,70,alpaca,100,21,0.00035957215004600585,0.0007458565523847938
mistralai/Mistral-7B-Instruct-v0.2,70,alpaca,100,22,0.0003740929823834449,0.0008540483540855348
mistralai/Mistral-7B-Instruct-v0.2,70,alpaca,100,23,0.0003894295950885862,0.0009749762248247862
mistralai/Mistral-7B-Instruct-v0.2,70,alpaca,100,24,0.0004052231088280678,0.0011109901824966073
mistralai/Mistral-7B-Instruct-v0.2,70,alpaca,100,25,0.0004231987986713648,0.0012730596354231238
mistralai/Mistral-7B-Instruct-v0.2,70,alpaca,100,26,0.0004435490118339658,0.001465042238123715
mistralai/Mistral-7B-Instruct-v0.2,70,alpaca,100,27,0.0004667730536311865,0.0017025183187797666
mistralai/Mistral-7B-Instruct-v0.2,70,alpaca,100,28,0.0005039269453845918,0.0020827637054026127
mistralai/Mistral-7B-Instruct-v0.2,70,alpaca,100,29,0.0005629490478895605,0.002705596387386322
mistralai/Mistral-7B-Instruct-v0.2,70,alpaca,100,30,0.0006514695123769343,0.003671708982437849
mistralai/Mistral-7B-Instruct-v0.2,70,alpaca,100,31,0.0010013285791501403,0.008202876895666122
mistralai/Mistral-7B-Instruct-v0.2,70,alpaca,100,32,0.008536320179700851,0.04613247513771057
mistralai/Mistral-7B-Instruct-v0.2,80,alpaca,100,1,0.00037148702540434897,0.0011319181649014354
mistralai/Mistral-7B-Instruct-v0.2,80,alpaca,100,2,0.00029534424538724124,0.0003358716785442084
mistralai/Mistral-7B-Instruct-v0.2,80,alpaca,100,3,0.00029559104586951435,0.0003373002982698381
mistralai/Mistral-7B-Instruct-v0.2,80,alpaca,100,4,0.0002958778932224959,0.0003392116923350841
mistralai/Mistral-7B-Instruct-v0.2,80,alpaca,100,5,0.0002962292928714305,0.0003415423270780593
mistralai/Mistral-7B-Instruct-v0.2,80,alpaca,100,6,0.0002966781903523952,0.00034491054248064756
mistralai/Mistral-7B-Instruct-v0.2,80,alpaca,100,7,0.0002973033406306058,0.0003491445386316627
mistralai/Mistral-7B-Instruct-v0.2,80,alpaca,100,8,0.0002981302095577121,0.0003544717619661242
mistralai/Mistral-7B-Instruct-v0.2,80,alpaca,100,9,0.00029930807068012655,0.0003601577482186258
mistralai/Mistral-7B-Instruct-v0.2,80,alpaca,100,10,0.00030265163513831794,0.00036927268956787884
mistralai/Mistral-7B-Instruct-v0.2,80,alpaca,100,11,0.00030386855360120535,0.0003770731564145535
mistralai/Mistral-7B-Instruct-v0.2,80,alpaca,100,12,0.00030543707543984056,0.00038649485213682055
mistralai/Mistral-7B-Instruct-v0.2,80,alpaca,100,13,0.00030749430879950523,0.0003964981879107654
mistralai/Mistral-7B-Instruct-v0.2,80,alpaca,100,14,0.0003096706641372293,0.0004095437179785222
mistralai/Mistral-7B-Instruct-v0.2,80,alpaca,100,15,0.000308344722725451,0.0004149833112023771
mistralai/Mistral-7B-Instruct-v0.2,80,alpaca,100,16,0.0003123641072306782,0.00043982185889035463
mistralai/Mistral-7B-Instruct-v0.2,80,alpaca,100,17,0.00031812075758352876,0.00047584535786882043
mistralai/Mistral-7B-Instruct-v0.2,80,alpaca,100,18,0.0003264871484134346,0.0005283265491016209
mistralai/Mistral-7B-Instruct-v0.2,80,alpaca,100,19,0.0003381023998372257,0.000605868233833462
mistralai/Mistral-7B-Instruct-v0.2,80,alpaca,100,20,0.0003529887180775404,0.0007146888528950512
mistralai/Mistral-7B-Instruct-v0.2,80,alpaca,100,21,0.00037020572926849127,0.0008464733837172389
mistralai/Mistral-7B-Instruct-v0.2,80,alpaca,100,22,0.0003872958186548203,0.0009879546705633402
mistralai/Mistral-7B-Instruct-v0.2,80,alpaca,100,23,0.00040544517105445266,0.0011489030439406633
mistralai/Mistral-7B-Instruct-v0.2,80,alpaca,100,24,0.0004244531155563891,0.0013345052720978856
mistralai/Mistral-7B-Instruct-v0.2,80,alpaca,100,25,0.0004460139898583293,0.001557393348775804
mistralai/Mistral-7B-Instruct-v0.2,80,alpaca,100,26,0.00047035436728037894,0.0018240489298477769
mistralai/Mistral-7B-Instruct-v0.2,80,alpaca,100,27,0.0004984227125532925,0.0021590683609247208
mistralai/Mistral-7B-Instruct-v0.2,80,alpaca,100,28,0.0005432997131720185,0.0026982829440385103
mistralai/Mistral-7B-Instruct-v0.2,80,alpaca,100,29,0.0006134345312602818,0.003572076326236129
mistralai/Mistral-7B-Instruct-v0.2,80,alpaca,100,30,0.0007199447718448937,0.0049360208213329315
mistralai/Mistral-7B-Instruct-v0.2,80,alpaca,100,31,0.0011524459114298224,0.0114327073097229
mistralai/Mistral-7B-Instruct-v0.2,80,alpaca,100,32,0.01013448741286993,0.05985218286514282
mistralai/Mistral-7B-Instruct-v0.2,90,alpaca,100,1,0.0003896908019669354,0.0013469584519043565
mistralai/Mistral-7B-Instruct-v0.2,90,alpaca,100,2,0.0002951677015516907,0.000335785502102226
mistralai/Mistral-7B-Instruct-v0.2,90,alpaca,100,3,0.00029543734854087234,0.00033740903018042445
mistralai/Mistral-7B-Instruct-v0.2,90,alpaca,100,4,0.00029575495864264667,0.0003395701933186501
mistralai/Mistral-7B-Instruct-v0.2,90,alpaca,100,5,0.00029615662060678005,0.0003422708250582218
mistralai/Mistral-7B-Instruct-v0.2,90,alpaca,100,6,0.0002966846222989261,0.00034620219958014786
mistralai/Mistral-7B-Instruct-v0.2,90,alpaca,100,7,0.0002973979280795902,0.00035105724236927927
mistralai/Mistral-7B-Instruct-v0.2,90,alpaca,100,8,0.0002983403392136097,0.0003571960551198572
mistralai/Mistral-7B-Instruct-v0.2,90,alpaca,100,9,0.00029962018015794456,0.00036363000981509686
mistralai/Mistral-7B-Instruct-v0.2,90,alpaca,100,10,0.0003030308289453387,0.0003735713835339993
mistralai/Mistral-7B-Instruct-v0.2,90,alpaca,100,11,0.000304415327263996,0.0003825465973932296
mistralai/Mistral-7B-Instruct-v0.2,90,alpaca,100,12,0.00030618684832006693,0.0003934033156838268
mistralai/Mistral-7B-Instruct-v0.2,90,alpaca,100,13,0.00030844638240523636,0.00040498687303625047
mistralai/Mistral-7B-Instruct-v0.2,90,alpaca,100,14,0.00031094401492737234,0.0004203443822916597
mistralai/Mistral-7B-Instruct-v0.2,90,alpaca,100,15,0.0003098830347880721,0.0004275456885807216
mistralai/Mistral-7B-Instruct-v0.2,90,alpaca,100,16,0.00031451674294658005,0.0004571376775857061
mistralai/Mistral-7B-Instruct-v0.2,90,alpaca,100,17,0.00032110343454405665,0.0005000135861337185
mistralai/Mistral-7B-Instruct-v0.2,90,alpaca,100,18,0.0003305970167275518,0.0005627800128422678
mistralai/Mistral-7B-Instruct-v0.2,90,alpaca,100,19,0.0003438697603996843,0.0006566489464603364
mistralai/Mistral-7B-Instruct-v0.2,90,alpaca,100,20,0.0003609640116337687,0.0007900773198343813
mistralai/Mistral-7B-Instruct-v0.2,90,alpaca,100,21,0.00038070764276199043,0.0009543421911075711
mistralai/Mistral-7B-Instruct-v0.2,90,alpaca,100,22,0.00040039405575953424,0.0011331476271152496
mistralai/Mistral-7B-Instruct-v0.2,90,alpaca,100,23,0.00042139741708524525,0.0013394446577876806
mistralai/Mistral-7B-Instruct-v0.2,90,alpaca,100,24,0.00044368638191372156,0.001582141499966383
mistralai/Mistral-7B-Instruct-v0.2,90,alpaca,100,25,0.00046897324500605464,0.001876480644568801
mistralai/Mistral-7B-Instruct-v0.2,90,alpaca,100,26,0.0004974548355676234,0.0022312048822641373
mistralai/Mistral-7B-Instruct-v0.2,90,alpaca,100,27,0.0005306754028424621,0.0026834497693926096
mistralai/Mistral-7B-Instruct-v0.2,90,alpaca,100,28,0.000583561253733933,0.003411410143598914
mistralai/Mistral-7B-Instruct-v0.2,90,alpaca,100,29,0.0006654944736510515,0.004585213493555784
mistralai/Mistral-7B-Instruct-v0.2,90,alpaca,100,30,0.000795740750618279,0.006482116412371397
mistralai/Mistral-7B-Instruct-v0.2,90,alpaca,100,31,0.0013265470042824745,0.015372096560895443
mistralai/Mistral-7B-Instruct-v0.2,90,alpaca,100,32,0.011775592342019081,0.07298994809389114
mistralai/Mistral-7B-Instruct-v0.2,100,alpaca,100,1,0.0004091676673851907,0.0015975510468706489
mistralai/Mistral-7B-Instruct-v0.2,100,alpaca,100,2,0.0002949864137917757,0.0003356982197146863
mistralai/Mistral-7B-Instruct-v0.2,100,alpaca,100,3,0.00029528039158321917,0.0003375117084942758
mistralai/Mistral-7B-Instruct-v0.2,100,alpaca,100,4,0.00029563091811724007,0.00033993093529716134
mistralai/Mistral-7B-Instruct-v0.2,100,alpaca,100,5,0.0002960793499369174,0.000342983053997159
mistralai/Mistral-7B-Instruct-v0.2,100,alpaca,100,6,0.00029668345814570785,0.0003474649565760046
mistralai/Mistral-7B-Instruct-v0.2,100,alpaca,100,7,0.0002974828239530325,0.0003529367095325142
mistralai/Mistral-7B-Instruct-v0.2,100,alpaca,100,8,0.0002985371684189886,0.00035986650618724525
mistralai/Mistral-7B-Instruct-v0.2,100,alpaca,100,9,0.00029991925111971796,0.0003670489531941712
mistralai/Mistral-7B-Instruct-v0.2,100,alpaca,100,10,0.0003034383407793939,0.0003778595710173249
mistralai/Mistral-7B-Instruct-v0.2,100,alpaca,100,11,0.0003049909428227693,0.00038802498602308333
mistralai/Mistral-7B-Instruct-v0.2,100,alpaca,100,12,0.00030696854810230434,0.0004003540670964867
mistralai/Mistral-7B-Instruct-v0.2,100,alpaca,100,13,0.00030945587786845863,0.0004136105126235634
mistralai/Mistral-7B-Instruct-v0.2,100,alpaca,100,14,0.00031228657462634146,0.0004314146644901484
mistralai/Mistral-7B-Instruct-v0.2,100,alpaca,100,15,0.0003113516140729189,0.0004400782927405089
mistralai/Mistral-7B-Instruct-v0.2,100,alpaca,100,16,0.00031662164838053286,0.0004747164493892342
mistralai/Mistral-7B-Instruct-v0.2,100,alpaca,100,17,0.0003240330843254924,0.0005246938671916723
mistralai/Mistral-7B-Instruct-v0.2,100,alpaca,100,18,0.00033466771128587425,0.0005983631126582623
mistralai/Mistral-7B-Instruct-v0.2,100,alpaca,100,19,0.00034962486824952066,0.0007099337526597083
mistralai/Mistral-7B-Instruct-v0.2,100,alpaca,100,20,0.0003690010926220566,0.0008707186789251864
mistralai/Mistral-7B-Instruct-v0.2,100,alpaca,100,21,0.00039133054087869823,0.001070922240614891
mistralai/Mistral-7B-Instruct-v0.2,100,alpaca,100,22,0.00041374683496542275,0.0012922149617224932
mistralai/Mistral-7B-Instruct-v0.2,100,alpaca,100,23,0.0004377425357233733,0.0015505008632317185
mistralai/Mistral-7B-Instruct-v0.2,100,alpaca,100,24,0.00046353795914910734,0.001860121265053749
mistralai/Mistral-7B-Instruct-v0.2,100,alpaca,100,25,0.0004927404806949198,0.0022375406697392464
mistralai/Mistral-7B-Instruct-v0.2,100,alpaca,100,26,0.0005255447467789054,0.0026942710392177105
mistralai/Mistral-7B-Instruct-v0.2,100,alpaca,100,27,0.0005642754840664566,0.0032855079043656588
mistralai/Mistral-7B-Instruct-v0.2,100,alpaca,100,28,0.0006255966145545244,0.004233141895383596
mistralai/Mistral-7B-Instruct-v0.2,100,alpaca,100,29,0.0007196844089776278,0.005745144560933113
mistralai/Mistral-7B-Instruct-v0.2,100,alpaca,100,30,0.0008655285928398371,0.008109446614980698
mistralai/Mistral-7B-Instruct-v0.2,100,alpaca,100,31,0.001485692337155342,0.019377566874027252
mistralai/Mistral-7B-Instruct-v0.2,100,alpaca,100,32,0.013313566334545612,0.08493302017450333
Qwen/Qwen2.5-7B-Instruct,10,alpaca,100,1,0.005261912822723389,0.007222651958465576
Qwen/Qwen2.5-7B-Instruct,10,alpaca,100,2,0.0033574888706207275,0.005384045124053955
Qwen/Qwen2.5-7B-Instruct,10,alpaca,100,3,0.0058612127304077145,0.007490500450134278
Qwen/Qwen2.5-7B-Instruct,10,alpaca,100,4,0.0010000779628753663,0.0010005154609680177
Qwen/Qwen2.5-7B-Instruct,10,alpaca,100,5,0.0010000678300857544,0.0010004533529281616
Qwen/Qwen2.5-7B-Instruct,10,alpaca,100,6,0.001000074863433838,0.0010004966259002685
Qwen/Qwen2.5-7B-Instruct,10,alpaca,100,7,0.0010001034736633301,0.00100067138671875
Qwen/Qwen2.5-7B-Instruct,10,alpaca,100,8,0.0010001673698425294,0.001001043200492859
Qwen/Qwen2.5-7B-Instruct,10,alpaca,100,9,0.0010002251863479614,0.0010013707876205444
Qwen/Qwen2.5-7B-Instruct,10,alpaca,100,10,0.001000194787979126,0.001001198410987854
Qwen/Qwen2.5-7B-Instruct,10,alpaca,100,11,0.0010002044439315796,0.0010012532472610473
Qwen/Qwen2.5-7B-Instruct,10,alpaca,100,12,0.001000218391418457,0.0010013327598571778
Qwen/Qwen2.5-7B-Instruct,10,alpaca,100,13,0.0010002267360687256,0.001001379370689392
Qwen/Qwen2.5-7B-Instruct,10,alpaca,100,14,0.0010002350807189941,0.0010014258623123168
Qwen/Qwen2.5-7B-Instruct,10,alpaca,100,15,0.0010002529621124267,0.001001523494720459
Qwen/Qwen2.5-7B-Instruct,10,alpaca,100,16,0.0010002821683883667,0.0010016862154006959
Qwen/Qwen2.5-7B-Instruct,10,alpaca,100,17,0.0010002986192703246,0.0010017749071121215
Qwen/Qwen2.5-7B-Instruct,10,alpaca,100,18,0.001000347137451172,0.0010020372867584229
Qwen/Qwen2.5-7B-Instruct,10,alpaca,100,19,0.0010004060268402099,0.0010023514032363892
Qwen/Qwen2.5-7B-Instruct,10,alpaca,100,20,0.0010005042552947998,0.0010028626918792724
Qwen/Qwen2.5-7B-Instruct,10,alpaca,100,21,0.0010007073879241943,0.0010038959980010987
Qwen/Qwen2.5-7B-Instruct,10,alpaca,100,22,0.0010010048151016236,0.001005373239517212
Qwen/Qwen2.5-7B-Instruct,10,alpaca,100,23,0.001001438856124878,0.0010074602365493775
Qwen/Qwen2.5-7B-Instruct,10,alpaca,100,24,0.0010020564794540406,0.001010331392288208
Qwen/Qwen2.5-7B-Instruct,10,alpaca,100,25,0.0010028918981552124,0.0010140888690948486
Qwen/Qwen2.5-7B-Instruct,10,alpaca,100,26,0.0010041263103485107,0.0010194493532180787
Qwen/Qwen2.5-7B-Instruct,10,alpaca,100,27,0.0010562552213668824,0.0012013978958129883
Qwen/Qwen2.5-7B-Instruct,10,alpaca,100,28,0.00779027271270752,0.009196853637695313
Qwen/Qwen2.5-7B-Instruct,20,alpaca,100,1,0.0051743645668029786,0.008148618698120117
Qwen/Qwen2.5-7B-Instruct,20,alpaca,100,2,0.0029159793853759768,0.005876008987426758
Qwen/Qwen2.5-7B-Instruct,20,alpaca,100,3,0.005349581718444824,0.008021917343139649
Qwen/Qwen2.5-7B-Instruct,20,alpaca,100,4,0.0005000816583633422,0.0005005468726158142
Qwen/Qwen2.5-7B-Instruct,20,alpaca,100,5,0.0005000717639923096,0.0005004858374595642
Qwen/Qwen2.5-7B-Instruct,20,alpaca,100,6,0.0005000786185264587,0.0005005282759666443
Qwen/Qwen2.5-7B-Instruct,20,alpaca,100,7,0.0005001088976860046,0.0005007146596908569
Qwen/Qwen2.5-7B-Instruct,20,alpaca,100,8,0.0005001758933067321,0.0005011101365089417
Qwen/Qwen2.5-7B-Instruct,20,alpaca,100,9,0.0005002418160438538,0.0005014880895614624
Qwen/Qwen2.5-7B-Instruct,20,alpaca,100,10,0.0005002026557922363,0.0005012640357017517
Qwen/Qwen2.5-7B-Instruct,20,alpaca,100,11,0.0005002164840698242,0.0005013428926467896
Qwen/Qwen2.5-7B-Instruct,20,alpaca,100,12,0.000500230610370636,0.0005014228224754333
Qwen/Qwen2.5-7B-Instruct,20,alpaca,100,13,0.0005002408027648925,0.0005014810562133789
Qwen/Qwen2.5-7B-Instruct,20,alpaca,100,14,0.000500248908996582,0.000501528024673462
Qwen/Qwen2.5-7B-Instruct,20,alpaca,100,15,0.0005002672076225281,0.0005016307830810547
Qwen/Qwen2.5-7B-Instruct,20,alpaca,100,16,0.0005002991557121277,0.0005018103122711181
Qwen/Qwen2.5-7B-Instruct,20,alpaca,100,17,0.0005003165602684021,0.0005019083619117737
Qwen/Qwen2.5-7B-Instruct,20,alpaca,100,18,0.0005003611445426941,0.0005021533370018006
Qwen/Qwen2.5-7B-Instruct,20,alpaca,100,19,0.0005004140734672547,0.0005024401545524597
Qwen/Qwen2.5-7B-Instruct,20,alpaca,100,20,0.0005005048513412475,0.0005029237270355225
Qwen/Qwen2.5-7B-Instruct,20,alpaca,100,21,0.0005007206797599793,0.0005040560364723205
Qwen/Qwen2.5-7B-Instruct,20,alpaca,100,22,0.0005010314583778382,0.0005056465864181519
Qwen/Qwen2.5-7B-Instruct,20,alpaca,100,23,0.0005014936327934265,0.0005079432129859924
Qwen/Qwen2.5-7B-Instruct,20,alpaca,100,24,0.0005021313428878784,0.0005110186338424682
Qwen/Qwen2.5-7B-Instruct,20,alpaca,100,25,0.0005030702948570252,0.0005154100060462952
Qwen/Qwen2.5-7B-Instruct,20,alpaca,100,26,0.0005044763684272767,0.0005217504501342774
Qwen/Qwen2.5-7B-Instruct,20,alpaca,100,27,0.0005629435777664185,0.0007482172846794129
Qwen/Qwen2.5-7B-Instruct,20,alpaca,100,28,0.007716017723083496,0.010735660552978516
Qwen/Qwen2.5-7B-Instruct,30,alpaca,100,1,0.005331103642781576,0.01227367909749349
Qwen/Qwen2.5-7B-Instruct,30,alpaca,100,2,0.0029035441080729166,0.008703949610392253
Qwen/Qwen2.5-7B-Instruct,30,alpaca,100,3,0.005569047292073567,0.013035306294759115
Qwen/Qwen2.5-7B-Instruct,30,alpaca,100,4,0.0003334173361460368,0.00033391737937927244
Qwen/Qwen2.5-7B-Instruct,30,alpaca,100,5,0.0003334097067515055,0.00033386655648549396
Qwen/Qwen2.5-7B-Instruct,30,alpaca,100,6,0.00033341642220815023,0.0003339107831319173
Qwen/Qwen2.5-7B-Instruct,30,alpaca,100,7,0.0003334467013676961,0.00033410354455312095
Qwen/Qwen2.5-7B-Instruct,30,alpaca,100,8,0.0003335107962290446,0.00033449343840281166
Qwen/Qwen2.5-7B-Instruct,30,alpaca,100,9,0.00033357393741607666,0.00033486298720041913
Qwen/Qwen2.5-7B-Instruct,30,alpaca,100,10,0.00033353741963704426,0.0003346494436264038
Qwen/Qwen2.5-7B-Instruct,30,alpaca,100,11,0.0003335537910461426,0.00033474493026733397
Qwen/Qwen2.5-7B-Instruct,30,alpaca,100,12,0.00033356734116872153,0.0003348230520884196
Qwen/Qwen2.5-7B-Instruct,30,alpaca,100,13,0.00033357858657836917,0.00033488901456197104
Qwen/Qwen2.5-7B-Instruct,30,alpaca,100,14,0.0003335891962051392,0.00033495394388834637
Qwen/Qwen2.5-7B-Instruct,30,alpaca,100,15,0.0003336081107457479,0.0003350613514582316
Qwen/Qwen2.5-7B-Instruct,30,alpaca,100,16,0.00033364129066467286,0.00033525153001149493
Qwen/Qwen2.5-7B-Instruct,30,alpaca,100,17,0.0003336583375930786,0.0003353499571482341
Qwen/Qwen2.5-7B-Instruct,30,alpaca,100,18,0.00033369930585225424,0.00033558233578999836
Qwen/Qwen2.5-7B-Instruct,30,alpaca,100,19,0.0003337556521097819,0.0003358938694000244
Qwen/Qwen2.5-7B-Instruct,30,alpaca,100,20,0.00033385241031646726,0.0003364274501800537
Qwen/Qwen2.5-7B-Instruct,30,alpaca,100,21,0.00033407557010650636,0.0003376396099726359
Qwen/Qwen2.5-7B-Instruct,30,alpaca,100,22,0.00033441317081451416,0.0003394323984781901
Qwen/Qwen2.5-7B-Instruct,30,alpaca,100,23,0.00033491901556650797,0.0003420665661493937
Qwen/Qwen2.5-7B-Instruct,30,alpaca,100,24,0.0003355962832768758,0.00034552005926767983
Qwen/Qwen2.5-7B-Instruct,30,alpaca,100,25,0.00033658242225646974,0.0003503923018773397
Qwen/Qwen2.5-7B-Instruct,30,alpaca,100,26,0.0003379977544148763,0.00035724222660064696
Qwen/Qwen2.5-7B-Instruct,30,alpaca,100,27,0.0004005263249079386,0.0006402552525202434
Qwen/Qwen2.5-7B-Instruct,30,alpaca,100,28,0.005898406982421875,0.013062173207600912
Qwen/Qwen2.5-7B-Instruct,40,alpaca,100,1,0.0063390252845627925,0.01972339621612004
Qwen/Qwen2.5-7B-Instruct,40,alpaca,100,2,0.0033544772969824927,0.013866653399808066
Qwen/Qwen2.5-7B-Instruct,40,alpaca,100,3,0.006869702466896602,0.021744289568492343
Qwen/Qwen2.5-7B-Instruct,40,alpaca,100,4,0.00027911298509155003,0.0002796991528677089
Qwen/Qwen2.5-7B-Instruct,40,alpaca,100,5,0.00027910456992685795,0.0002796427080673831
Qwen/Qwen2.5-7B-Instruct,40,alpaca,100,6,0.00027911278552242687,0.00027969785566840855
Qwen/Qwen2.5-7B-Instruct,40,alpaca,100,7,0.00027914647944271564,0.0002799181467188256
Qwen/Qwen2.5-7B-Instruct,40,alpaca,100,8,0.00027921333509896485,0.00028033537923225334
Qwen/Qwen2.5-7B-Instruct,40,alpaca,100,9,0.00027927902660199573,0.00028073198960295746
Qwen/Qwen2.5-7B-Instruct,40,alpaca,100,10,0.00027924616421972005,0.00028053561358579567
Qwen/Qwen2.5-7B-Instruct,40,alpaca,100,11,0.00027926558894770484,0.00028065043235463757
Qwen/Qwen2.5-7B-Instruct,40,alpaca,100,12,0.00027928085598562447,0.0002807402051985264
Qwen/Qwen2.5-7B-Instruct,40,alpaca,100,13,0.0002792939610247101,0.0002808175714952605
Qwen/Qwen2.5-7B-Instruct,40,alpaca,100,14,0.00027930946089327335,0.00028091459535062313
Qwen/Qwen2.5-7B-Instruct,40,alpaca,100,15,0.0002793325111269951,0.00028105033561587334
Qwen/Qwen2.5-7B-Instruct,40,alpaca,100,16,0.0002793721255979368,0.0002812819688447884
Qwen/Qwen2.5-7B-Instruct,40,alpaca,100,17,0.0002793919827256884,0.0002814021759799549
Qwen/Qwen2.5-7B-Instruct,40,alpaca,100,18,0.00027943595445581844,0.00028165955362575393
Qwen/Qwen2.5-7B-Instruct,40,alpaca,100,19,0.0002795006813747542,0.00028202393358307224
Qwen/Qwen2.5-7B-Instruct,40,alpaca,100,20,0.00027962248506290574,0.00028271653822490146
Qwen/Qwen2.5-7B-Instruct,40,alpaca,100,21,0.00027988062772367684,0.0002841704325484378
Qwen/Qwen2.5-7B-Instruct,40,alpaca,100,22,0.0002802826264607055,0.0002863805275410414
Qwen/Qwen2.5-7B-Instruct,40,alpaca,100,23,0.000280888717887657,0.00028968372914407937
Qwen/Qwen2.5-7B-Instruct,40,alpaca,100,24,0.000281699700281024,0.0002940387265490634
Qwen/Qwen2.5-7B-Instruct,40,alpaca,100,25,0.0002828556379037244,0.00030007469467818737
Qwen/Qwen2.5-7B-Instruct,40,alpaca,100,26,0.00028450038683201583,0.0003086188475468329
Qwen/Qwen2.5-7B-Instruct,40,alpaca,100,27,0.0003597025227333818,0.0007145686873367854
Qwen/Qwen2.5-7B-Instruct,40,alpaca,100,28,0.005483796021768025,0.017080941370555332
Qwen/Qwen2.5-7B-Instruct,50,alpaca,100,1,0.008317337504455022,0.03167020635945456
Qwen/Qwen2.5-7B-Instruct,50,alpaca,100,2,0.004337735740201814,0.022599931274141585
Qwen/Qwen2.5-7B-Instruct,50,alpaca,100,3,0.009294790881020682,0.036078461578914096
Qwen/Qwen2.5-7B-Instruct,50,alpaca,100,4,0.0002791374655706542,0.00027989037334918976
Qwen/Qwen2.5-7B-Instruct,50,alpaca,100,5,0.0002791270214532103,0.0002798194930489574
Qwen/Qwen2.5-7B-Instruct,50,alpaca,100,6,0.0002791381973241057,0.0002798964934689658
Qwen/Qwen2.5-7B-Instruct,50,alpaca,100,7,0.0002791802066245249,0.0002801770211330482
Qwen/Qwen2.5-7B-Instruct,50,alpaca,100,8,0.00027926103211939335,0.0002806922420859337
Qwen/Qwen2.5-7B-Instruct,50,alpaca,100,9,0.0002793404273688793,0.00028118198471409935
Qwen/Qwen2.5-7B-Instruct,50,alpaca,100,10,0.0002793084630476577,0.0002809863071888685
Qwen/Qwen2.5-7B-Instruct,50,alpaca,100,11,0.00027933397463389805,0.0002811403412904058
Qwen/Qwen2.5-7B-Instruct,50,alpaca,100,12,0.0002793532330542803,0.00028125539288989136
Qwen/Qwen2.5-7B-Instruct,50,alpaca,100,13,0.0002793696642454181,0.0002813522171761308
Qwen/Qwen2.5-7B-Instruct,50,alpaca,100,14,0.00027939234860241413,0.0002814968715288809
Qwen/Qwen2.5-7B-Instruct,50,alpaca,100,15,0.0002794236809547458,0.000281681539490819
Qwen/Qwen2.5-7B-Instruct,50,alpaca,100,16,0.00027947546914219856,0.0002819917696927275
Qwen/Qwen2.5-7B-Instruct,50,alpaca,100,17,0.000279502577281424,0.00028215794424925534
Qwen/Qwen2.5-7B-Instruct,50,alpaca,100,18,0.0002795564942061901,0.0002824810466596058
Qwen/Qwen2.5-7B-Instruct,50,alpaca,100,19,0.0002796390825616462,0.0002829511982521841
Qwen/Qwen2.5-7B-Instruct,50,alpaca,100,20,0.00027980805108589787,0.0002839323465845415
Qwen/Qwen2.5-7B-Instruct,50,alpaca,100,21,0.0002801431609051568,0.00028586936449365955
Qwen/Qwen2.5-7B-Instruct,50,alpaca,100,22,0.00028067843855491707,0.00028889616286115985
Qwen/Qwen2.5-7B-Instruct,50,alpaca,100,23,0.00028148493064301353,0.0002934419150863375
Qwen/Qwen2.5-7B-Instruct,50,alpaca,100,24,0.0002825761413467782,0.00029953173361718655
Qwen/Qwen2.5-7B-Instruct,50,alpaca,100,25,0.00028411042876541615,0.0003078988686736141
Qwen/Qwen2.5-7B-Instruct,50,alpaca,100,26,0.0002862850669771433,0.0003198365281735148
Qwen/Qwen2.5-7B-Instruct,50,alpaca,100,27,0.0003879164079470294,0.0009676977060735226
Qwen/Qwen2.5-7B-Instruct,50,alpaca,100,28,0.006296875753573009,0.023763247898646762
Qwen/Qwen2.5-7B-Instruct,60,alpaca,100,1,0.0104281199829919,0.04537875737462725
Qwen/Qwen2.5-7B-Instruct,60,alpaca,100,2,0.005379268633467811,0.03270509626184191
Qwen/Qwen2.5-7B-Instruct,60,alpaca,100,3,0.011814776275839125,0.05201199650764465
Qwen/Qwen2.5-7B-Instruct,60,alpaca,100,4,0.00027916161343455315,0.0002800800970622471
Qwen/Qwen2.5-7B-Instruct,60,alpaca,100,5,0.00027914830882634433,0.00027998829526560646
Qwen/Qwen2.5-7B-Instruct,60,alpaca,100,6,0.00027916284411081245,0.0002800899092108011
Qwen/Qwen2.5-7B-Instruct,60,alpaca,100,7,0.0002792127031300749,0.0002804267153676067
Qwen/Qwen2.5-7B-Instruct,60,alpaca,100,8,0.0002793075982481241,0.0002810396586677858
Qwen/Qwen2.5-7B-Instruct,60,alpaca,100,9,0.0002793995663523674,0.00028161554863410335
Qwen/Qwen2.5-7B-Instruct,60,alpaca,100,10,0.00027936969750693867,0.0002814294171652624
Qwen/Qwen2.5-7B-Instruct,60,alpaca,100,11,0.0002794000320136547,0.00028161202291292805
Qwen/Qwen2.5-7B-Instruct,60,alpaca,100,12,0.0002794219513556787,0.0002817440378878798
Qwen/Qwen2.5-7B-Instruct,60,alpaca,100,13,0.000279441276299102,0.00028185915601040633
Qwen/Qwen2.5-7B-Instruct,60,alpaca,100,14,0.0002794719101595027,0.00028205247196768014
Qwen/Qwen2.5-7B-Instruct,60,alpaca,100,15,0.000279510160908103,0.00028228114492126873
Qwen/Qwen2.5-7B-Instruct,60,alpaca,100,16,0.0002795747547809567,0.00028266934012728076
Qwen/Qwen2.5-7B-Instruct,60,alpaca,100,17,0.0002796083821782044,0.00028287961946002075
Qwen/Qwen2.5-7B-Instruct,60,alpaca,100,18,0.00027967167885175774,0.00028326428894485744
Qwen/Qwen2.5-7B-Instruct,60,alpaca,100,19,0.0002797708647059543,0.0002838354225137404
Qwen/Qwen2.5-7B-Instruct,60,alpaca,100,20,0.00027998716437390873,0.0002851032518914768
Qwen/Qwen2.5-7B-Instruct,60,alpaca,100,21,0.0002803978443677936,0.00028751507800604614
Qwen/Qwen2.5-7B-Instruct,60,alpaca,100,22,0.00028106696637613434,0.00029136446703757556
Qwen/Qwen2.5-7B-Instruct,60,alpaca,100,23,0.000282070433188762,0.0002971330125417028
Qwen/Qwen2.5-7B-Instruct,60,alpaca,100,24,0.00028344406746327877,0.00030499164547239033
Qwen/Qwen2.5-7B-Instruct,60,alpaca,100,25,0.00028535377766404835,0.0003157252711909158
Qwen/Qwen2.5-7B-Instruct,60,alpaca,100,26,0.0002880754681038005,0.00033124925435653755
Qwen/Qwen2.5-7B-Instruct,60,alpaca,100,27,0.00041507241050047535,0.0012581406959465572
Qwen/Qwen2.5-7B-Instruct,60,alpaca,100,28,0.0068870314529963905,0.02907502225467137
Qwen/Qwen2.5-7B-Instruct,70,alpaca,100,1,0.012487411499023438,0.058929000582013814
Qwen/Qwen2.5-7B-Instruct,70,alpaca,100,2,0.006380074790545872,0.04304464374269758
Qwen/Qwen2.5-7B-Instruct,70,alpaca,100,3,0.014338840331350054,0.0681385440485818
Qwen/Qwen2.5-7B-Instruct,70,alpaca,100,4,0.00027918516259108273,0.00028026356760944637
Qwen/Qwen2.5-7B-Instruct,70,alpaca,100,5,0.0002791698955531631,0.00028015772945114544
Qwen/Qwen2.5-7B-Instruct,70,alpaca,100,6,0.0002791875574205603,0.00028028136252292564
Qwen/Qwen2.5-7B-Instruct,70,alpaca,100,7,0.00027924533268170696,0.00028067477978765965
Qwen/Qwen2.5-7B-Instruct,70,alpaca,100,8,0.0002793540645922933,0.00028138404845127037
Qwen/Qwen2.5-7B-Instruct,70,alpaca,100,9,0.0002794590712125812,0.0002820498775690794
Qwen/Qwen2.5-7B-Instruct,70,alpaca,100,10,0.00027943189655031474,0.0002818770507084472
Qwen/Qwen2.5-7B-Instruct,70,alpaca,100,11,0.00027946761942335537,0.0002820928514535938
Qwen/Qwen2.5-7B-Instruct,70,alpaca,100,12,0.000279492831655911,0.000282245222479105
Qwen/Qwen2.5-7B-Instruct,70,alpaca,100,13,0.000279515449489866,0.00028237939945289066
Qwen/Qwen2.5-7B-Instruct,70,alpaca,100,14,0.00027955330110022,0.0002826182171702385
Qwen/Qwen2.5-7B-Instruct,70,alpaca,100,15,0.0002795989691678967,0.00028289049597723145
Qwen/Qwen2.5-7B-Instruct,70,alpaca,100,16,0.0002796760693724666,0.00028335582464933395
Qwen/Qwen2.5-7B-Instruct,70,alpaca,100,17,0.000279716748212065,0.0002836131690336125
Qwen/Qwen2.5-7B-Instruct,70,alpaca,100,18,0.0002797898570341723,0.0002840615010687283
Qwen/Qwen2.5-7B-Instruct,70,alpaca,100,19,0.0002799058399562325,0.0002847319867994104
Qwen/Qwen2.5-7B-Instruct,70,alpaca,100,20,0.0002801701692598207,0.00028629208515797345
Qwen/Qwen2.5-7B-Instruct,70,alpaca,100,21,0.0002806577831506729,0.0002891852054744959
Qwen/Qwen2.5-7B-Instruct,70,alpaca,100,22,0.00028146447480789253,0.0002938804349728993
Qwen/Qwen2.5-7B-Instruct,70,alpaca,100,23,0.0002826716351721968,0.00030092156625219753
Qwen/Qwen2.5-7B-Instruct,70,alpaca,100,24,0.00028433481098285744,0.000310610347826566
Qwen/Qwen2.5-7B-Instruct,70,alpaca,100,25,0.00028663105331361294,0.0003238186639334474
Qwen/Qwen2.5-7B-Instruct,70,alpaca,100,26,0.0002899163602186101,0.00034313426086945195
Qwen/Qwen2.5-7B-Instruct,70,alpaca,100,27,0.00044563861696847847,0.00162994528987578
Qwen/Qwen2.5-7B-Instruct,70,alpaca,100,28,0.007103028574160167,0.03311677064214434
Qwen/Qwen2.5-7B-Instruct,80,alpaca,100,1,0.014401002654007502,0.07133827039173671
Qwen/Qwen2.5-7B-Instruct,80,alpaca,100,2,0.0074231358511107305,0.05338491712297712
Qwen/Qwen2.5-7B-Instruct,80,alpaca,100,3,0.016782539231436595,0.08311894110270909
Qwen/Qwen2.5-7B-Instruct,80,alpaca,100,4,0.00027920761411743503,0.00028043666056224277
Qwen/Qwen2.5-7B-Instruct,80,alpaca,100,5,0.0002791907505265304,0.00028031967979456695
Qwen/Qwen2.5-7B-Instruct,80,alpaca,100,6,0.00027921153897685666,0.0002804651656853301
Qwen/Qwen2.5-7B-Instruct,80,alpaca,100,7,0.00027927683134164127,0.00028091146876769405
Qwen/Qwen2.5-7B-Instruct,80,alpaca,100,8,0.00027939933352172375,0.00028171543298023086
Qwen/Qwen2.5-7B-Instruct,80,alpaca,100,9,0.00027951634755092006,0.000282462320423552
Qwen/Qwen2.5-7B-Instruct,80,alpaca,100,10,0.00027949223294854164,0.00028230505995452404
Qwen/Qwen2.5-7B-Instruct,80,alpaca,100,11,0.00027953297831118107,0.0002825514280370304
Qwen/Qwen2.5-7B-Instruct,80,alpaca,100,12,0.0002795609512499401,0.00028272166049906185
Qwen/Qwen2.5-7B-Instruct,80,alpaca,100,13,0.0002795864628361804,0.0002828729006328753
Qwen/Qwen2.5-7B-Instruct,80,alpaca,100,14,0.0002796309334891183,0.0002831532619893551
Qwen/Qwen2.5-7B-Instruct,80,alpaca,100,15,0.00027968365299914567,0.00028346824858869823
Qwen/Qwen2.5-7B-Instruct,80,alpaca,100,16,0.0002797726608280625,0.0002840059543294566
Qwen/Qwen2.5-7B-Instruct,80,alpaca,100,17,0.00027982065720217567,0.00028431209336434094
Qwen/Qwen2.5-7B-Instruct,80,alpaca,100,18,0.0002799037444804396,0.0002848247531801462
Qwen/Qwen2.5-7B-Instruct,80,alpaca,100,19,0.00028003575945539135,0.0002855909988284111
Qwen/Qwen2.5-7B-Instruct,80,alpaca,100,20,0.0002803472203335592,0.00028743711300194263
Qwen/Qwen2.5-7B-Instruct,80,alpaca,100,21,0.0002809120674750635,0.0002908115607819387
Qwen/Qwen2.5-7B-Instruct,80,alpaca,100,22,0.0002818545326590538,0.00029633836155491214
Qwen/Qwen2.5-7B-Instruct,80,alpaca,100,23,0.0002832628254379545,0.0003046297933906317
Qwen/Qwen2.5-7B-Instruct,80,alpaca,100,24,0.0002852071276200669,0.0003161002283117601
Qwen/Qwen2.5-7B-Instruct,80,alpaca,100,25,0.0002878857111292226,0.0003317753518266337
Qwen/Qwen2.5-7B-Instruct,80,alpaca,100,26,0.00029172196186014583,0.0003548729166920696
Qwen/Qwen2.5-7B-Instruct,80,alpaca,100,27,0.0004764730443379709,0.002051021105476788
Qwen/Qwen2.5-7B-Instruct,80,alpaca,100,28,0.007186522973435265,0.03584429195949009
Qwen/Qwen2.5-7B-Instruct,90,alpaca,100,1,0.01628039245094572,0.08273920842579432
Qwen/Qwen2.5-7B-Instruct,90,alpaca,100,2,0.008426694997719355,0.06285537140710014
Qwen/Qwen2.5-7B-Instruct,90,alpaca,100,3,0.01911200370107378,0.0965532660484314
Qwen/Qwen2.5-7B-Instruct,90,alpaca,100,4,0.00027923046478203366,0.0002806099198226418
Qwen/Qwen2.5-7B-Instruct,90,alpaca,100,5,0.0002792113394077335,0.0002804781709398542
Qwen/Qwen2.5-7B-Instruct,90,alpaca,100,6,0.0002792353542255504,0.0002806454098650387
Qwen/Qwen2.5-7B-Instruct,90,alpaca,100,7,0.00027930806390941143,0.0002811433348272528
Qwen/Qwen2.5-7B-Instruct,90,alpaca,100,8,0.00027944443614355156,0.0002820413626198258
Qwen/Qwen2.5-7B-Instruct,90,alpaca,100,9,0.00027957369041229995,0.00028287160343357494
Qwen/Qwen2.5-7B-Instruct,90,alpaca,100,10,0.0002795516380241939,0.0002827245542513473
Qwen/Qwen2.5-7B-Instruct,90,alpaca,100,11,0.0002795981376298836,0.0002830051484384707
Qwen/Qwen2.5-7B-Instruct,90,alpaca,100,12,0.00027962870496724335,0.000283191745568599
Qwen/Qwen2.5-7B-Instruct,90,alpaca,100,13,0.0002796569439981665,0.00028335958320115296
Qwen/Qwen2.5-7B-Instruct,90,alpaca,100,14,0.0002797082665243319,0.0002836818208119699
Qwen/Qwen2.5-7B-Instruct,90,alpaca,100,15,0.00027976750529238155,0.00028403588969792636
Qwen/Qwen2.5-7B-Instruct,90,alpaca,100,16,0.0002798683209610837,0.00028464713666055886
Qwen/Qwen2.5-7B-Instruct,90,alpaca,100,17,0.00027992386770035537,0.0002850018707769258
Qwen/Qwen2.5-7B-Instruct,90,alpaca,100,18,0.00028001686691173485,0.0002855767296361072
Qwen/Qwen2.5-7B-Instruct,90,alpaca,100,19,0.0002801650469856603,0.0002864403650164604
Qwen/Qwen2.5-7B-Instruct,90,alpaca,100,20,0.00028052423814577717,0.0002885731602353709
Qwen/Qwen2.5-7B-Instruct,90,alpaca,100,21,0.00028116545373839993,0.000292420553575669
Qwen/Qwen2.5-7B-Instruct,90,alpaca,100,22,0.00028224711838577477,0.0002987966872751713
Qwen/Qwen2.5-7B-Instruct,90,alpaca,100,23,0.00028385667662535397,0.00030833838640579155
Qwen/Qwen2.5-7B-Instruct,90,alpaca,100,24,0.0002860843337007931,0.0003216141901378121
Qwen/Qwen2.5-7B-Instruct,90,alpaca,100,25,0.0002891420652823789,0.00033976856086935313
Qwen/Qwen2.5-7B-Instruct,90,alpaca,100,26,0.00029353015790028233,0.000366726890206337
Qwen/Qwen2.5-7B-Instruct,90,alpaca,100,27,0.0005083273364497083,0.0025312227330037524
Qwen/Qwen2.5-7B-Instruct,90,alpaca,100,28,0.00721616404397147,0.03780842253140041
Qwen/Qwen2.5-7B-Instruct,100,alpaca,100,1,0.017981173736708506,0.09300631284713745
Qwen/Qwen2.5-7B-Instruct,100,alpaca,100,2,0.009422025510243006,0.07223430701664516
Qwen/Qwen2.5-7B-Instruct,100,alpaca,100,3,0.02133204255785261,0.10930040904453822
Qwen/Qwen2.5-7B-Instruct,100,alpaca,100,4,0.0002792530493544681,0.0002807809505611658
Qwen/Qwen2.5-7B-Instruct,100,alpaca,100,5,0.00027923216111958027,0.00028063676186970303
Qwen/Qwen2.5-7B-Instruct,100,alpaca,100,6,0.00027925923599728515,0.00028082671841340404
Qwen/Qwen2.5-7B-Instruct,100,alpaca,100,7,0.00027933942952326367,0.0002813752008868115
Qwen/Qwen2.5-7B-Instruct,100,alpaca,100,8,0.00027948997116514614,0.00028236878902784416
Qwen/Qwen2.5-7B-Instruct,100,alpaca,100,9,0.000279630467827831,0.00028327473306230137
Qwen/Qwen2.5-7B-Instruct,100,alpaca,100,10,0.0002796111096228872,0.00028314112153436454
Qwen/Qwen2.5-7B-Instruct,100,alpaca,100,11,0.0002796624321490526,0.00028345108564410893
Qwen/Qwen2.5-7B-Instruct,100,alpaca,100,12,0.0002796955606234925,0.00028365268371999264
Qwen/Qwen2.5-7B-Instruct,100,alpaca,100,13,0.0002797269927603858,0.0002838387154042721
Qwen/Qwen2.5-7B-Instruct,100,alpaca,100,14,0.000279784867806094,0.0002842032949307135
Qwen/Qwen2.5-7B-Instruct,100,alpaca,100,15,0.0002798511580164943,0.00028459691176457066
Qwen/Qwen2.5-7B-Instruct,100,alpaca,100,16,0.0002799630497715303,0.0002852773426898888
Qwen/Qwen2.5-7B-Instruct,100,alpaca,100,17,0.0002800260803529194,0.0002856802062264511
Qwen/Qwen2.5-7B-Instruct,100,alpaca,100,18,0.0002801287586667708,0.00028631772979029587
Qwen/Qwen2.5-7B-Instruct,100,alpaca,100,19,0.0002802917401173285,0.0002872683440468141
Qwen/Qwen2.5-7B-Instruct,100,alpaca,100,20,0.0002806962002068758,0.0002896728193653481
Qwen/Qwen2.5-7B-Instruct,100,alpaca,100,21,0.00028141232074371407,0.000293982115441135
Qwen/Qwen2.5-7B-Instruct,100,alpaca,100,22,0.0002826289606413671,0.00030118376681847233
Qwen/Qwen2.5-7B-Instruct,100,alpaca,100,23,0.0002844397843416248,0.00031198195314833095
Qwen/Qwen2.5-7B-Instruct,100,alpaca,100,24,0.000286952725478581,0.00032709212973713875
Qwen/Qwen2.5-7B-Instruct,100,alpaca,100,25,0.0002903957252523729,0.0003477982245385647
Qwen/Qwen2.5-7B-Instruct,100,alpaca,100,26,0.00029534999547260147,0.0003788097695048366
Qwen/Qwen2.5-7B-Instruct,100,alpaca,100,27,0.0005383690752621208,0.003034745209983417
Qwen/Qwen2.5-7B-Instruct,100,alpaca,100,28,0.007250784763268062,0.03974965640476772
Qwen/Qwen2.5-14B-Instruct,10,alpaca,100,1,0.005483706474304199,0.007375489234924317
Qwen/Qwen2.5-14B-Instruct,10,alpaca,100,2,0.004214063167572022,0.006364948272705078
Qwen/Qwen2.5-14B-Instruct,10,alpaca,100,3,0.003350266695022583,0.005468246936798096
Qwen/Qwen2.5-14B-Instruct,10,alpaca,100,4,0.00513175344467163,0.006997826099395752
Qwen/Qwen2.5-14B-Instruct,10,alpaca,100,5,0.0010000568628311156,0.001000383496284485
Qwen/Qwen2.5-14B-Instruct,10,alpaca,100,6,0.0010000677108764648,0.0010004507303237914
Qwen/Qwen2.5-14B-Instruct,10,alpaca,100,7,0.0010000777244567871,0.0010005131959915162
Qwen/Qwen2.5-14B-Instruct,10,alpaca,100,8,0.0010000864267349244,0.0010005658864974975
Qwen/Qwen2.5-14B-Instruct,10,alpaca,100,9,0.001000108242034912,0.0010006948709487915
Qwen/Qwen2.5-14B-Instruct,10,alpaca,100,10,0.0010001333951950074,0.0010008430480957032
Qwen/Qwen2.5-14B-Instruct,10,alpaca,100,11,0.0010001600980758666,0.001000998854637146
Qwen/Qwen2.5-14B-Instruct,10,alpaca,100,12,0.0010001851320266724,0.0010011402368545533
Qwen/Qwen2.5-14B-Instruct,10,alpaca,100,13,0.0010002113580703735,0.0010012885332107543
Qwen/Qwen2.5-14B-Instruct,10,alpaca,100,14,0.0010002341270446777,0.0010014162063598632
Qwen/Qwen2.5-14B-Instruct,10,alpaca,100,15,0.0010002394914627075,0.0010014470815658569
Qwen/Qwen2.5-14B-Instruct,10,alpaca,100,16,0.0010002350807189941,0.0010014219284057617
Qwen/Qwen2.5-14B-Instruct,10,alpaca,100,17,0.0010002310276031494,0.0010014007091522217
Qwen/Qwen2.5-14B-Instruct,10,alpaca,100,18,0.0010002362728118897,0.001001429557800293
Qwen/Qwen2.5-14B-Instruct,10,alpaca,100,19,0.0010002415180206299,0.0010014572143554688
Qwen/Qwen2.5-14B-Instruct,10,alpaca,100,20,0.0010002431869506835,0.0010014667510986328
Qwen/Qwen2.5-14B-Instruct,10,alpaca,100,21,0.0010002477169036865,0.0010014922618865967
Qwen/Qwen2.5-14B-Instruct,10,alpaca,100,22,0.0010002461671829224,0.00100148606300354
Qwen/Qwen2.5-14B-Instruct,10,alpaca,100,23,0.0010002461671829224,0.0010014870166778565
Qwen/Qwen2.5-14B-Instruct,10,alpaca,100,24,0.0010002466440200805,0.001001488447189331
Qwen/Qwen2.5-14B-Instruct,10,alpaca,100,25,0.0010002602338790893,0.0010015647411346436
Qwen/Qwen2.5-14B-Instruct,10,alpaca,100,26,0.0010002787113189697,0.0010016664266586303
Qwen/Qwen2.5-14B-Instruct,10,alpaca,100,27,0.0010002959966659546,0.0010017614364624023
Qwen/Qwen2.5-14B-Instruct,10,alpaca,100,28,0.0010003362894058228,0.0010019783973693847
Qwen/Qwen2.5-14B-Instruct,10,alpaca,100,29,0.0010003679990768432,0.0010021471977233888
Qwen/Qwen2.5-14B-Instruct,10,alpaca,100,30,0.0010004165172576905,0.001002405047416687
Qwen/Qwen2.5-14B-Instruct,10,alpaca,100,31,0.0010004853010177612,0.001002760648727417
Qwen/Qwen2.5-14B-Instruct,10,alpaca,100,32,0.0010005785226821899,0.0010032438039779662
Qwen/Qwen2.5-14B-Instruct,10,alpaca,100,33,0.001000698447227478,0.0010038523674011232
Qwen/Qwen2.5-14B-Instruct,10,alpaca,100,34,0.0010008693933486938,0.0010046995878219606
Qwen/Qwen2.5-14B-Instruct,10,alpaca,100,35,0.0010010381937026976,0.0010055344104766845
Qwen/Qwen2.5-14B-Instruct,10,alpaca,100,36,0.0010013235807418822,0.0010069104433059692
Qwen/Qwen2.5-14B-Instruct,10,alpaca,100,37,0.001001617670059204,0.0010082993507385253
Qwen/Qwen2.5-14B-Instruct,10,alpaca,100,38,0.0010020307302474976,0.0010102128982543946
Qwen/Qwen2.5-14B-Instruct,10,alpaca,100,39,0.0010025042295455932,0.0010123544931411744
Qwen/Qwen2.5-14B-Instruct,10,alpaca,100,40,0.0010030446052551269,0.0010147403478622437
Qwen/Qwen2.5-14B-Instruct,10,alpaca,100,41,0.0010036245584487916,0.001017260432243347
Qwen/Qwen2.5-14B-Instruct,10,alpaca,100,42,0.0010042343139648438,0.0010198740959167481
Qwen/Qwen2.5-14B-Instruct,10,alpaca,100,43,0.0010050547122955323,0.0010233116149902344
Qwen/Qwen2.5-14B-Instruct,10,alpaca,100,44,0.0010061420202255248,0.0010277724266052246
Qwen/Qwen2.5-14B-Instruct,10,alpaca,100,45,0.0010128273963928222,0.0010537322759628296
Qwen/Qwen2.5-14B-Instruct,10,alpaca,100,46,0.0010276973247528077,0.0011068865060806273
Qwen/Qwen2.5-14B-Instruct,10,alpaca,100,47,0.0011867564916610718,0.001587494134902954
Qwen/Qwen2.5-14B-Instruct,10,alpaca,100,48,0.007184088706970215,0.008807225227355957
Qwen/Qwen2.5-14B-Instruct,20,alpaca,100,1,0.006120695590972901,0.00872672176361084
Qwen/Qwen2.5-14B-Instruct,20,alpaca,100,2,0.004517969608306885,0.00756317138671875
Qwen/Qwen2.5-14B-Instruct,20,alpaca,100,3,0.0031904661655426025,0.00623255205154419
Qwen/Qwen2.5-14B-Instruct,20,alpaca,100,4,0.005037442207336425,0.007709543704986572
Qwen/Qwen2.5-14B-Instruct,20,alpaca,100,5,0.0005000588893890381,0.0005004007816314697
Qwen/Qwen2.5-14B-Instruct,20,alpaca,100,6,0.0005000712871551514,0.0005004793405532837
Qwen/Qwen2.5-14B-Instruct,20,alpaca,100,7,0.0005000824928283692,0.0005005500316619873
Qwen/Qwen2.5-14B-Instruct,20,alpaca,100,8,0.000500092327594757,0.0005006102919578552
Qwen/Qwen2.5-14B-Instruct,20,alpaca,100,9,0.0005001103281974793,0.0005007187128067016
Qwen/Qwen2.5-14B-Instruct,20,alpaca,100,10,0.0005001367926597595,0.0005008783340454101
Qwen/Qwen2.5-14B-Instruct,20,alpaca,100,11,0.0005001644492149353,0.0005010409951210022
Qwen/Qwen2.5-14B-Instruct,20,alpaca,100,12,0.0005001883506774902,0.0005011807680130005
Qwen/Qwen2.5-14B-Instruct,20,alpaca,100,13,0.0005002156496047974,0.0005013366937637329
Qwen/Qwen2.5-14B-Instruct,20,alpaca,100,14,0.0005002366900444031,0.0005014566779136658
Qwen/Qwen2.5-14B-Instruct,20,alpaca,100,15,0.0005002502799034119,0.000501533567905426
Qwen/Qwen2.5-14B-Instruct,20,alpaca,100,16,0.0005002462863922119,0.00050151127576828
Qwen/Qwen2.5-14B-Instruct,20,alpaca,100,17,0.000500246524810791,0.0005015130043029785
Qwen/Qwen2.5-14B-Instruct,20,alpaca,100,18,0.0005002546310424804,0.0005015602707862854
Qwen/Qwen2.5-14B-Instruct,20,alpaca,100,19,0.0005002610683441162,0.0005015975832939148
Qwen/Qwen2.5-14B-Instruct,20,alpaca,100,20,0.0005002631545066833,0.000501609206199646
Qwen/Qwen2.5-14B-Instruct,20,alpaca,100,21,0.0005002690553665161,0.0005016425848007202
Qwen/Qwen2.5-14B-Instruct,20,alpaca,100,22,0.0005002685785293579,0.000501640260219574
Qwen/Qwen2.5-14B-Instruct,20,alpaca,100,23,0.0005002662539482117,0.0005016276240348816
Qwen/Qwen2.5-14B-Instruct,20,alpaca,100,24,0.0005002676844596863,0.000501635193824768
Qwen/Qwen2.5-14B-Instruct,20,alpaca,100,25,0.0005002816319465638,0.000501715362071991
Qwen/Qwen2.5-14B-Instruct,20,alpaca,100,26,0.0005003005266189575,0.0005018205046653747
Qwen/Qwen2.5-14B-Instruct,20,alpaca,100,27,0.00050031977891922,0.0005019308924674988
Qwen/Qwen2.5-14B-Instruct,20,alpaca,100,28,0.0005003625750541687,0.0005021668672561645
Qwen/Qwen2.5-14B-Instruct,20,alpaca,100,29,0.0005003945231437684,0.0005023390054702759
Qwen/Qwen2.5-14B-Instruct,20,alpaca,100,30,0.0005004385113716126,0.0005025763511657715
Qwen/Qwen2.5-14B-Instruct,20,alpaca,100,31,0.0005004998445510865,0.0005029002428054809
Qwen/Qwen2.5-14B-Instruct,20,alpaca,100,32,0.0005005906820297241,0.0005033789277076721
Qwen/Qwen2.5-14B-Instruct,20,alpaca,100,33,0.0005007091164588928,0.0005039982795715332
Qwen/Qwen2.5-14B-Instruct,20,alpaca,100,34,0.0005008857250213623,0.000504900574684143
Qwen/Qwen2.5-14B-Instruct,20,alpaca,100,35,0.000501068890094757,0.0005058327317237854
Qwen/Qwen2.5-14B-Instruct,20,alpaca,100,36,0.0005013478994369507,0.0005072178840637207
Qwen/Qwen2.5-14B-Instruct,20,alpaca,100,37,0.000501657485961914,0.0005087278485298157
Qwen/Qwen2.5-14B-Instruct,20,alpaca,100,38,0.0005020849704742431,0.0005107702612876892
Qwen/Qwen2.5-14B-Instruct,20,alpaca,100,39,0.000502572238445282,0.0005130491256713867
Qwen/Qwen2.5-14B-Instruct,20,alpaca,100,40,0.0005031587481498718,0.0005157434344291687
Qwen/Qwen2.5-14B-Instruct,20,alpaca,100,41,0.0005037895441055298,0.0005185925960540772
Qwen/Qwen2.5-14B-Instruct,20,alpaca,100,42,0.0005045207738876343,0.0005218682289123535
Qwen/Qwen2.5-14B-Instruct,20,alpaca,100,43,0.0005054522752761841,0.0005259636044502258
Qwen/Qwen2.5-14B-Instruct,20,alpaca,100,44,0.0005067344307899476,0.0005315061211585998
Qwen/Qwen2.5-14B-Instruct,20,alpaca,100,45,0.0005143548846244812,0.0005628963112831116
Qwen/Qwen2.5-14B-Instruct,20,alpaca,100,46,0.0005315033793449402,0.0006298114061355591
Qwen/Qwen2.5-14B-Instruct,20,alpaca,100,47,0.0007121376395225525,0.0012958272695541382
Qwen/Qwen2.5-14B-Instruct,20,alpaca,100,48,0.007315183639526367,0.010552001953125
Qwen/Qwen2.5-14B-Instruct,30,alpaca,100,1,0.006634302139282226,0.014105842590332032
Qwen/Qwen2.5-14B-Instruct,30,alpaca,100,2,0.004909807840983073,0.011887134552001953
Qwen/Qwen2.5-14B-Instruct,30,alpaca,100,3,0.0033776273727416993,0.009550069173177083
Qwen/Qwen2.5-14B-Instruct,30,alpaca,100,4,0.00530441951751709,0.011830669403076172
Qwen/Qwen2.5-14B-Instruct,30,alpaca,100,5,0.0003333942890167236,0.00033376288414001465
Qwen/Qwen2.5-14B-Instruct,30,alpaca,100,6,0.0003334068854649862,0.0003338462909062703
Qwen/Qwen2.5-14B-Instruct,30,alpaca,100,7,0.0003334188461303711,0.000333924929300944
Qwen/Qwen2.5-14B-Instruct,30,alpaca,100,8,0.00033342953523000083,0.00033399339516957603
Qwen/Qwen2.5-14B-Instruct,30,alpaca,100,9,0.0003334465026855469,0.00033409754435221353
Qwen/Qwen2.5-14B-Instruct,30,alpaca,100,10,0.0003334741989771525,0.00033427151044209796
Qwen/Qwen2.5-14B-Instruct,30,alpaca,100,11,0.0003335028092066447,0.0003344470262527466
Qwen/Qwen2.5-14B-Instruct,30,alpaca,100,12,0.0003335285584131877,0.0003346020778020223
Qwen/Qwen2.5-14B-Instruct,30,alpaca,100,13,0.0003335560957590739,0.00033476277192433674
Qwen/Qwen2.5-14B-Instruct,30,alpaca,100,14,0.00033357600371042886,0.00033487701416015626
Qwen/Qwen2.5-14B-Instruct,30,alpaca,100,15,0.00033359221617380776,0.00033497198422749837
Qwen/Qwen2.5-14B-Instruct,30,alpaca,100,16,0.0003335897922515869,0.00033495795726776125
Qwen/Qwen2.5-14B-Instruct,30,alpaca,100,17,0.00033359289169311525,0.00033497798442840574
Qwen/Qwen2.5-14B-Instruct,30,alpaca,100,18,0.0003336012760798136,0.00033502689997355145
Qwen/Qwen2.5-14B-Instruct,30,alpaca,100,19,0.00033360862731933596,0.0003350703716278076
Qwen/Qwen2.5-14B-Instruct,30,alpaca,100,20,0.00033361220359802245,0.0003350901206334432
Qwen/Qwen2.5-14B-Instruct,30,alpaca,100,21,0.0003336185614267985,0.0003351263205210368
Qwen/Qwen2.5-14B-Instruct,30,alpaca,100,22,0.00033361915747324625,0.00033512945969899494
Qwen/Qwen2.5-14B-Instruct,30,alpaca,100,23,0.0003336170514424642,0.0003351186513900757
Qwen/Qwen2.5-14B-Instruct,30,alpaca,100,24,0.00033362074693044026,0.0003351410230000814
Qwen/Qwen2.5-14B-Instruct,30,alpaca,100,25,0.0003336375157038371,0.0003352355559666951
Qwen/Qwen2.5-14B-Instruct,30,alpaca,100,26,0.00033365718523661295,0.0003353480100631714
Qwen/Qwen2.5-14B-Instruct,30,alpaca,100,27,0.00033367546399434405,0.0003354556957880656
Qwen/Qwen2.5-14B-Instruct,30,alpaca,100,28,0.0003337185780207316,0.00033569832642873126
Qwen/Qwen2.5-14B-Instruct,30,alpaca,100,29,0.00033375585079193113,0.0003359026114145915
Qwen/Qwen2.5-14B-Instruct,30,alpaca,100,30,0.00033380321661631264,0.0003361640373865763
Qwen/Qwen2.5-14B-Instruct,30,alpaca,100,31,0.0003338679075241089,0.00033651586373647054
Qwen/Qwen2.5-14B-Instruct,30,alpaca,100,32,0.00033396323521931966,0.0003370358149210612
Qwen/Qwen2.5-14B-Instruct,30,alpaca,100,33,0.0003340854247411092,0.00033769679069519043
Qwen/Qwen2.5-14B-Instruct,30,alpaca,100,34,0.00033427401383717855,0.0003387013673782349
Qwen/Qwen2.5-14B-Instruct,30,alpaca,100,35,0.00033447813987731934,0.0003397937218348185
Qwen/Qwen2.5-14B-Instruct,30,alpaca,100,36,0.0003347717523574829,0.0003413252035776774
Qwen/Qwen2.5-14B-Instruct,30,alpaca,100,37,0.0003351107438405355,0.000343053658803304
Qwen/Qwen2.5-14B-Instruct,30,alpaca,100,38,0.000335572083791097,0.0003453652858734131
Qwen/Qwen2.5-14B-Instruct,30,alpaca,100,39,0.0003360882600148519,0.0003479079405466715
Qwen/Qwen2.5-14B-Instruct,30,alpaca,100,40,0.00033674112955729165,0.0003510594367980957
Qwen/Qwen2.5-14B-Instruct,30,alpaca,100,41,0.0003374512592951457,0.0003544404109319051
Qwen/Qwen2.5-14B-Instruct,30,alpaca,100,42,0.00033824559052785235,0.0003581917683283488
Qwen/Qwen2.5-14B-Instruct,30,alpaca,100,43,0.0003392378091812134,0.0003627687692642212
Qwen/Qwen2.5-14B-Instruct,30,alpaca,100,44,0.0003405605951944987,0.00036884844303131104
Qwen/Qwen2.5-14B-Instruct,30,alpaca,100,45,0.00034868272145589194,0.0004050766626993815
Qwen/Qwen2.5-14B-Instruct,30,alpaca,100,46,0.00036715960502624513,0.0004861280918121338
Qwen/Qwen2.5-14B-Instruct,30,alpaca,100,47,0.0005795720418294271,0.001481623649597168
Qwen/Qwen2.5-14B-Instruct,30,alpaca,100,48,0.005252271016438802,0.011339022318522135
Qwen/Qwen2.5-14B-Instruct,40,alpaca,100,1,0.007200512409210205,0.020285577774047853
Qwen/Qwen2.5-14B-Instruct,40,alpaca,100,2,0.005332136631011963,0.01693596076965332
Qwen/Qwen2.5-14B-Instruct,40,alpaca,100,3,0.0036329400539398195,0.013570547103881836
Qwen/Qwen2.5-14B-Instruct,40,alpaca,100,4,0.005791853427886963,0.01706416702270508
Qwen/Qwen2.5-14B-Instruct,40,alpaca,100,5,0.0002500621378421783,0.00025045153498649597
Qwen/Qwen2.5-14B-Instruct,40,alpaca,100,6,0.00025007447600364685,0.00025053569674491884
Qwen/Qwen2.5-14B-Instruct,40,alpaca,100,7,0.0002500869333744049,0.00025061967968940734
Qwen/Qwen2.5-14B-Instruct,40,alpaca,100,8,0.00025009840726852417,0.00025069716572761536
Qwen/Qwen2.5-14B-Instruct,40,alpaca,100,9,0.00025011485815048216,0.00025079968571662905
Qwen/Qwen2.5-14B-Instruct,40,alpaca,100,10,0.0002501434981822968,0.000250986248254776
Qwen/Qwen2.5-14B-Instruct,40,alpaca,100,11,0.0002501727044582367,0.0002511708438396454
Qwen/Qwen2.5-14B-Instruct,40,alpaca,100,12,0.0002501975893974304,0.00025132590532302856
Qwen/Qwen2.5-14B-Instruct,40,alpaca,100,13,0.0002502237558364868,0.00025148361921310423
Qwen/Qwen2.5-14B-Instruct,40,alpaca,100,14,0.0002502430081367493,0.0002515976428985596
Qwen/Qwen2.5-14B-Instruct,40,alpaca,100,15,0.0002502601444721222,0.0002517003118991852
Qwen/Qwen2.5-14B-Instruct,40,alpaca,100,16,0.00025026041269302367,0.00025170230865478513
Qwen/Qwen2.5-14B-Instruct,40,alpaca,100,17,0.00025026622414588926,0.00025173863768577576
Qwen/Qwen2.5-14B-Instruct,40,alpaca,100,18,0.000250275582075119,0.0002517941296100616
Qwen/Qwen2.5-14B-Instruct,40,alpaca,100,19,0.00025028422474861146,0.00025184708833694456
Qwen/Qwen2.5-14B-Instruct,40,alpaca,100,20,0.00025028952956199647,0.0002518780529499054
Qwen/Qwen2.5-14B-Instruct,40,alpaca,100,21,0.000250296950340271,0.0002519184947013855
Qwen/Qwen2.5-14B-Instruct,40,alpaca,100,22,0.00025029897689819334,0.0002519288659095764
Qwen/Qwen2.5-14B-Instruct,40,alpaca,100,23,0.00025029778480529786,0.0002519218921661377
Qwen/Qwen2.5-14B-Instruct,40,alpaca,100,24,0.00025030386447906494,0.00025195950269699097
Qwen/Qwen2.5-14B-Instruct,40,alpaca,100,25,0.0002503240406513214,0.00025207322835922244
Qwen/Qwen2.5-14B-Instruct,40,alpaca,100,26,0.0002503456473350525,0.00025220081210136413
Qwen/Qwen2.5-14B-Instruct,40,alpaca,100,27,0.0002503640949726105,0.0002523128688335419
Qwen/Qwen2.5-14B-Instruct,40,alpaca,100,28,0.00025040802359580996,0.000252566009759903
Qwen/Qwen2.5-14B-Instruct,40,alpaca,100,29,0.0002504504024982452,0.0002528015673160553
Qwen/Qwen2.5-14B-Instruct,40,alpaca,100,30,0.00025050514936447146,0.00025311049818992613
Qwen/Qwen2.5-14B-Instruct,40,alpaca,100,31,0.0002505776286125183,0.0002535178363323212
Qwen/Qwen2.5-14B-Instruct,40,alpaca,100,32,0.00025068438053131104,0.0002541208565235138
Qwen/Qwen2.5-14B-Instruct,40,alpaca,100,33,0.0002508147656917572,0.00025485017895698545
Qwen/Qwen2.5-14B-Instruct,40,alpaca,100,34,0.00025101807713508607,0.00025597357749938967
Qwen/Qwen2.5-14B-Instruct,40,alpaca,100,35,0.00025124356150627134,0.00025722745060920713
Qwen/Qwen2.5-14B-Instruct,40,alpaca,100,36,0.0002515513300895691,0.0002589058876037598
Qwen/Qwen2.5-14B-Instruct,40,alpaca,100,37,0.0002519270181655884,0.00026091146469116213
Qwen/Qwen2.5-14B-Instruct,40,alpaca,100,38,0.0002524280548095703,0.00026353442668914794
Qwen/Qwen2.5-14B-Instruct,40,alpaca,100,39,0.00025296854972839357,0.00026632043719291686
Qwen/Qwen2.5-14B-Instruct,40,alpaca,100,40,0.00025366526842117307,0.00026985400915145876
Qwen/Qwen2.5-14B-Instruct,40,alpaca,100,41,0.0002544323205947876,0.00027369073033332825
Qwen/Qwen2.5-14B-Instruct,40,alpaca,100,42,0.0002552635073661804,0.00027783501148223876
Qwen/Qwen2.5-14B-Instruct,40,alpaca,100,43,0.00025630107522010804,0.00028290367126464845
Qwen/Qwen2.5-14B-Instruct,40,alpaca,100,44,0.00025766372680664063,0.0002896121740341187
Qwen/Qwen2.5-14B-Instruct,40,alpaca,100,45,0.00026626420021057126,0.00033141934871673583
Qwen/Qwen2.5-14B-Instruct,40,alpaca,100,46,0.0002859049439430237,0.0004294523596763611
Qwen/Qwen2.5-14B-Instruct,40,alpaca,100,47,0.000531752347946167,0.0019166136980056762
Qwen/Qwen2.5-14B-Instruct,40,alpaca,100,48,0.00415403413772583,0.011950252532958984
Qwen/Qwen2.5-14B-Instruct,50,alpaca,100,1,0.007687782287597656,0.026091650390625
Qwen/Qwen2.5-14B-Instruct,50,alpaca,100,2,0.005636960983276367,0.02163638916015625
Qwen/Qwen2.5-14B-Instruct,50,alpaca,100,3,0.003834646224975586,0.017487702941894532
Qwen/Qwen2.5-14B-Instruct,50,alpaca,100,4,0.006172145462036133,0.02205279998779297
Qwen/Qwen2.5-14B-Instruct,50,alpaca,100,5,0.00020006263256073,0.00020046379566192627
Qwen/Qwen2.5-14B-Instruct,50,alpaca,100,6,0.00020007472038269044,0.00020054917335510255
Qwen/Qwen2.5-14B-Instruct,50,alpaca,100,7,0.00020008742809295653,0.0002006364107131958
Qwen/Qwen2.5-14B-Instruct,50,alpaca,100,8,0.00020009994506835937,0.00020072267055511474
Qwen/Qwen2.5-14B-Instruct,50,alpaca,100,9,0.00020011613368988037,0.0002008258581161499
Qwen/Qwen2.5-14B-Instruct,50,alpaca,100,10,0.00020014593601226806,0.00020102436542510985
Qwen/Qwen2.5-14B-Instruct,50,alpaca,100,11,0.00020017597675323485,0.00020121800899505616
Qwen/Qwen2.5-14B-Instruct,50,alpaca,100,12,0.00020020127296447755,0.0002013796329498291
Qwen/Qwen2.5-14B-Instruct,50,alpaca,100,13,0.00020022683143615722,0.00020153751373291017
Qwen/Qwen2.5-14B-Instruct,50,alpaca,100,14,0.00020024635791778564,0.00020165469646453858
Qwen/Qwen2.5-14B-Instruct,50,alpaca,100,15,0.00020026390552520753,0.00020176246166229248
Qwen/Qwen2.5-14B-Instruct,50,alpaca,100,16,0.00020026674270629883,0.00020177924633026122
Qwen/Qwen2.5-14B-Instruct,50,alpaca,100,17,0.00020027477741241454,0.00020182981491088868
Qwen/Qwen2.5-14B-Instruct,50,alpaca,100,18,0.00020028505325317384,0.00020189237594604492
Qwen/Qwen2.5-14B-Instruct,50,alpaca,100,19,0.0002002946138381958,0.00020195128917694093
Qwen/Qwen2.5-14B-Instruct,50,alpaca,100,20,0.0002003013849258423,0.00020199077129364013
Qwen/Qwen2.5-14B-Instruct,50,alpaca,100,21,0.00020030910968780517,0.00020203239917755128
Qwen/Qwen2.5-14B-Instruct,50,alpaca,100,22,0.00020031299591064452,0.00020205295085906982
Qwen/Qwen2.5-14B-Instruct,50,alpaca,100,23,0.0002003121614456177,0.00020204813480377196
Qwen/Qwen2.5-14B-Instruct,50,alpaca,100,24,0.00020032052993774414,0.0002021005868911743
Qwen/Qwen2.5-14B-Instruct,50,alpaca,100,25,0.0002003434419631958,0.0002022305965423584
Qwen/Qwen2.5-14B-Instruct,50,alpaca,100,26,0.00020036592483520506,0.00020236685276031494
Qwen/Qwen2.5-14B-Instruct,50,alpaca,100,27,0.00020038535594940184,0.0002024850845336914
Qwen/Qwen2.5-14B-Instruct,50,alpaca,100,28,0.00020043070316314696,0.00020275256633758544
Qwen/Qwen2.5-14B-Instruct,50,alpaca,100,29,0.00020047602653503418,0.0002030066967010498
Qwen/Qwen2.5-14B-Instruct,50,alpaca,100,30,0.00020053491592407228,0.00020334575176239014
Qwen/Qwen2.5-14B-Instruct,50,alpaca,100,31,0.00020061502456665038,0.00020380611419677734
Qwen/Qwen2.5-14B-Instruct,50,alpaca,100,32,0.0002007354974746704,0.00020450363159179688
Qwen/Qwen2.5-14B-Instruct,50,alpaca,100,33,0.00020087275505065917,0.00020529210567474365
Qwen/Qwen2.5-14B-Instruct,50,alpaca,100,34,0.00020109090805053712,0.00020653524398803712
Qwen/Qwen2.5-14B-Instruct,50,alpaca,100,35,0.00020133681297302246,0.00020794453620910644
Qwen/Qwen2.5-14B-Instruct,50,alpaca,100,36,0.00020166237354278565,0.00020978128910064696
Qwen/Qwen2.5-14B-Instruct,50,alpaca,100,37,0.00020207469463348387,0.000212058424949646
Qwen/Qwen2.5-14B-Instruct,50,alpaca,100,38,0.00020261075496673584,0.00021497573852539062
Qwen/Qwen2.5-14B-Instruct,50,alpaca,100,39,0.00020318317413330078,0.00021805264949798585
Qwen/Qwen2.5-14B-Instruct,50,alpaca,100,40,0.00020392467975616455,0.0002219853401184082
Qwen/Qwen2.5-14B-Instruct,50,alpaca,100,41,0.00020474622249603273,0.00022629215717315674
Qwen/Qwen2.5-14B-Instruct,50,alpaca,100,42,0.00020561103820800782,0.00023084220886230469
Qwen/Qwen2.5-14B-Instruct,50,alpaca,100,43,0.0002066993236541748,0.00023646104335784912
Qwen/Qwen2.5-14B-Instruct,50,alpaca,100,44,0.00020811593532562257,0.00024388241767883301
Qwen/Qwen2.5-14B-Instruct,50,alpaca,100,45,0.0002172032356262207,0.00029186413288116454
Qwen/Qwen2.5-14B-Instruct,50,alpaca,100,46,0.0002379897117614746,0.0004095215320587158
Qwen/Qwen2.5-14B-Instruct,50,alpaca,100,47,0.0005128268241882324,0.002517317199707031
Qwen/Qwen2.5-14B-Instruct,50,alpaca,100,48,0.00368912353515625,0.012698343658447266
Qwen/Qwen2.5-14B-Instruct,60,alpaca,100,1,0.00946972668170929,0.03605151772499084
Qwen/Qwen2.5-14B-Instruct,60,alpaca,100,2,0.006908635795116425,0.029977208375930785
Qwen/Qwen2.5-14B-Instruct,60,alpaca,100,3,0.004697924107313156,0.024461211264133455
Qwen/Qwen2.5-14B-Instruct,60,alpaca,100,4,0.007612226158380508,0.030898332595825195
Qwen/Qwen2.5-14B-Instruct,60,alpaca,100,5,0.00019538660999387502,0.00019586761482059956
Qwen/Qwen2.5-14B-Instruct,60,alpaca,100,6,0.000195400626398623,0.00019596803467720748
Qwen/Qwen2.5-14B-Instruct,60,alpaca,100,7,0.00019541550427675246,0.00019607231952250003
Qwen/Qwen2.5-14B-Instruct,60,alpaca,100,8,0.00019543052185326814,0.0001961774192750454
Qwen/Qwen2.5-14B-Instruct,60,alpaca,100,9,0.0001954491948708892,0.0001962976297363639
Qwen/Qwen2.5-14B-Instruct,60,alpaca,100,10,0.00019548502750694753,0.00019654000643640757
Qwen/Qwen2.5-14B-Instruct,60,alpaca,100,11,0.0001955211628228426,0.00019677616655826568
Qwen/Qwen2.5-14B-Instruct,60,alpaca,100,12,0.0001955508254468441,0.00019696736708283425
Qwen/Qwen2.5-14B-Instruct,60,alpaca,100,13,0.00019557999912649392,0.00019715013913810254
Qwen/Qwen2.5-14B-Instruct,60,alpaca,100,14,0.00019560293294489383,0.00019729016348719598
Qwen/Qwen2.5-14B-Instruct,60,alpaca,100,15,0.0001956240739673376,0.00019742099102586507
Qwen/Qwen2.5-14B-Instruct,60,alpaca,100,16,0.00019562982488423585,0.00019745544996112584
Qwen/Qwen2.5-14B-Instruct,60,alpaca,100,17,0.0001956411637365818,0.00019752697553485632
Qwen/Qwen2.5-14B-Instruct,60,alpaca,100,18,0.0001956538762897253,0.00019760471768677236
Qwen/Qwen2.5-14B-Instruct,60,alpaca,100,19,0.0001956657273694873,0.00019767784979194403
Qwen/Qwen2.5-14B-Instruct,60,alpaca,100,20,0.00019567464478313922,0.00019772951491177083
Qwen/Qwen2.5-14B-Instruct,60,alpaca,100,21,0.00019568339921534063,0.00019777598790824414
Qwen/Qwen2.5-14B-Instruct,60,alpaca,100,22,0.00019568942952901124,0.00019780790898948908
Qwen/Qwen2.5-14B-Instruct,60,alpaca,100,23,0.0001956888474524021,0.00019780448637902738
Qwen/Qwen2.5-14B-Instruct,60,alpaca,100,24,0.00019570074509829284,0.0001978791318833828
Qwen/Qwen2.5-14B-Instruct,60,alpaca,100,25,0.00019572910387068986,0.0001980411820113659
Qwen/Qwen2.5-14B-Instruct,60,alpaca,100,26,0.00019575597252696753,0.00019820609595626592
Qwen/Qwen2.5-14B-Instruct,60,alpaca,100,27,0.0001957792555913329,0.00019834961276501417
Qwen/Qwen2.5-14B-Instruct,60,alpaca,100,28,0.0001958334818482399,0.00019867257215082644
Qwen/Qwen2.5-14B-Instruct,60,alpaca,100,29,0.00019588915165513754,0.00019898652099072933
Qwen/Qwen2.5-14B-Instruct,60,alpaca,100,30,0.00019596072379499674,0.00019940398633480071
Qwen/Qwen2.5-14B-Instruct,60,alpaca,100,31,0.00019606116693466903,0.00019998878706246616
Qwen/Qwen2.5-14B-Instruct,60,alpaca,100,32,0.00019621446263045071,0.00020088856108486653
Qwen/Qwen2.5-14B-Instruct,60,alpaca,100,33,0.00019638033118098974,0.00020186020992696285
Qwen/Qwen2.5-14B-Instruct,60,alpaca,100,34,0.00019664864521473646,0.0002034149132668972
Qwen/Qwen2.5-14B-Instruct,60,alpaca,100,35,0.00019695295486599207,0.00020519059617072344
Qwen/Qwen2.5-14B-Instruct,60,alpaca,100,36,0.0001973502803593874,0.00020748230163007974
Qwen/Qwen2.5-14B-Instruct,60,alpaca,100,37,0.00019786586053669453,0.0002103936392813921
Qwen/Qwen2.5-14B-Instruct,60,alpaca,100,38,0.00019852023106068373,0.00021405150182545184
Qwen/Qwen2.5-14B-Instruct,60,alpaca,100,39,0.00019921802449971438,0.00021791763138025999
Qwen/Qwen2.5-14B-Instruct,60,alpaca,100,40,0.00020012666936963797,0.00022289964836090802
Qwen/Qwen2.5-14B-Instruct,60,alpaca,100,41,0.00020113545469939708,0.00022837964352220296
Qwen/Qwen2.5-14B-Instruct,60,alpaca,100,42,0.00020218188874423503,0.0002341252751648426
Qwen/Qwen2.5-14B-Instruct,60,alpaca,100,43,0.00020349519327282904,0.00024120809976011515
Qwen/Qwen2.5-14B-Instruct,60,alpaca,100,44,0.00020520063117146492,0.00025059510953724385
Qwen/Qwen2.5-14B-Instruct,60,alpaca,100,45,0.00021629377733916043,0.00031329933553934095
Qwen/Qwen2.5-14B-Instruct,60,alpaca,100,46,0.00024177106097340585,0.00047390060499310496
Qwen/Qwen2.5-14B-Instruct,60,alpaca,100,47,0.0005944040603935719,0.0037193663418293
Qwen/Qwen2.5-14B-Instruct,60,alpaca,100,48,0.0038028646260499952,0.014773307740688324
Qwen/Qwen2.5-14B-Instruct,70,alpaca,100,1,0.011493092775344849,0.0468075692653656
Qwen/Qwen2.5-14B-Instruct,70,alpaca,100,2,0.00832899659872055,0.039044308662414554
Qwen/Qwen2.5-14B-Instruct,70,alpaca,100,3,0.005646076053380966,0.031947261095046996
Qwen/Qwen2.5-14B-Instruct,70,alpaca,100,4,0.009184220433235168,0.04042552411556244
Qwen/Qwen2.5-14B-Instruct,70,alpaca,100,5,0.00019539787899702787,0.0001959574641659856
Qwen/Qwen2.5-14B-Instruct,70,alpaca,100,6,0.00019541406072676182,0.00019607495050877333
Qwen/Qwen2.5-14B-Instruct,70,alpaca,100,7,0.0001954312203451991,0.00019619595259428023
Qwen/Qwen2.5-14B-Instruct,70,alpaca,100,8,0.00019544870592653752,0.00019632061012089252
Qwen/Qwen2.5-14B-Instruct,70,alpaca,100,9,0.0001954699167981744,0.00019645837601274253
Qwen/Qwen2.5-14B-Instruct,70,alpaca,100,10,0.00019551210571080446,0.00019674606155604125
Qwen/Qwen2.5-14B-Instruct,70,alpaca,100,11,0.00019555436447262763,0.00019702480640262365
Qwen/Qwen2.5-14B-Instruct,70,alpaca,100,12,0.00019558889325708151,0.00019724934827536345
Qwen/Qwen2.5-14B-Instruct,70,alpaca,100,13,0.00019562151283025742,0.00019745603203773497
Qwen/Qwen2.5-14B-Instruct,70,alpaca,100,14,0.00019564763642847537,0.00019761789590120316
Qwen/Qwen2.5-14B-Instruct,70,alpaca,100,15,0.00019567287527024745,0.000197774195112288
Qwen/Qwen2.5-14B-Instruct,70,alpaca,100,16,0.00019568144343793393,0.00019782553426921367
Qwen/Qwen2.5-14B-Instruct,70,alpaca,100,17,0.00019569597207009793,0.00019791661761701108
Qwen/Qwen2.5-14B-Instruct,70,alpaca,100,18,0.0001957113854587078,0.0001980115193873644
Qwen/Qwen2.5-14B-Instruct,70,alpaca,100,19,0.0001957255881279707,0.0001981004374101758
Qwen/Qwen2.5-14B-Instruct,70,alpaca,100,20,0.00019573671743273736,0.00019816479180008174
Qwen/Qwen2.5-14B-Instruct,70,alpaca,100,21,0.000195746379904449,0.00019821561872959136
Qwen/Qwen2.5-14B-Instruct,70,alpaca,100,22,0.00019575462210923432,0.0001982597168534994
Qwen/Qwen2.5-14B-Instruct,70,alpaca,100,23,0.00019575445912778378,0.00019825901836156845
Qwen/Qwen2.5-14B-Instruct,70,alpaca,100,24,0.0001957701751962304,0.00019835776183754205
Qwen/Qwen2.5-14B-Instruct,70,alpaca,100,25,0.00019580344669520855,0.00019854938145726919
Qwen/Qwen2.5-14B-Instruct,70,alpaca,100,26,0.00019583427347242833,0.00019874065183103084
Qwen/Qwen2.5-14B-Instruct,70,alpaca,100,27,0.0001958615379408002,0.00019890875555574893
Qwen/Qwen2.5-14B-Instruct,70,alpaca,100,28,0.0001959246350452304,0.00019928824622184038
Qwen/Qwen2.5-14B-Instruct,70,alpaca,100,29,0.00019599029328674079,0.0001996607519686222
Qwen/Qwen2.5-14B-Instruct,70,alpaca,100,30,0.0001960746943950653,0.00020015654154121877
Qwen/Qwen2.5-14B-Instruct,70,alpaca,100,31,0.0001961945556104183,0.00020086171571165323
Qwen/Qwen2.5-14B-Instruct,70,alpaca,100,32,0.00019638105295598506,0.00020196621771901847
Qwen/Qwen2.5-14B-Instruct,70,alpaca,100,33,0.00019657528027892113,0.00020312056876718997
Qwen/Qwen2.5-14B-Instruct,70,alpaca,100,34,0.00019689463078975677,0.00020499590318650006
Qwen/Qwen2.5-14B-Instruct,70,alpaca,100,35,0.00019725935999304056,0.00020715442951768637
Qwen/Qwen2.5-14B-Instruct,70,alpaca,100,36,0.00019773528911173343,0.0002099488629028201
Qwen/Qwen2.5-14B-Instruct,70,alpaca,100,37,0.00019835727289319038,0.00021352365147322416
Qwen/Qwen2.5-14B-Instruct,70,alpaca,100,38,0.00019913290161639453,0.00021795709617435932
Qwen/Qwen2.5-14B-Instruct,70,alpaca,100,39,0.00019996038172394038,0.00022265592124313117
Qwen/Qwen2.5-14B-Instruct,70,alpaca,100,40,0.0002010422060266137,0.00022875412832945585
Qwen/Qwen2.5-14B-Instruct,70,alpaca,100,41,0.00020225020125508308,0.0002355188596993685
Qwen/Qwen2.5-14B-Instruct,70,alpaca,100,42,0.00020348033867776394,0.00024252149742096663
Qwen/Qwen2.5-14B-Instruct,70,alpaca,100,43,0.0002050268929451704,0.00025119232013821603
Qwen/Qwen2.5-14B-Instruct,70,alpaca,100,44,0.00020703189074993132,0.00026272025424987076
Qwen/Qwen2.5-14B-Instruct,70,alpaca,100,45,0.00022000409662723542,0.00034052222035825254
Qwen/Qwen2.5-14B-Instruct,70,alpaca,100,46,0.0002499226946383715,0.0005471532698720693
Qwen/Qwen2.5-14B-Instruct,70,alpaca,100,47,0.0006920558400452137,0.005250463634729386
Qwen/Qwen2.5-14B-Instruct,70,alpaca,100,48,0.003962423279881477,0.01681566536426544
Qwen/Qwen2.5-14B-Instruct,80,alpaca,100,1,0.013398553431034087,0.05661455988883972
Qwen/Qwen2.5-14B-Instruct,80,alpaca,100,2,0.009671276062726974,0.047419068217277524
Qwen/Qwen2.5-14B-Instruct,80,alpaca,100,3,0.006531251966953278,0.03890968859195709
Qwen/Qwen2.5-14B-Instruct,80,alpaca,100,4,0.010644774138927459,0.04918352961540222
Qwen/Qwen2.5-14B-Instruct,80,alpaca,100,5,0.00019540851935744284,0.0001960414694622159
Qwen/Qwen2.5-14B-Instruct,80,alpaca,100,6,0.000195426307618618,0.00019617232028394936
Qwen/Qwen2.5-14B-Instruct,80,alpaca,100,7,0.00019544567912817002,0.0001963096670806408
Qwen/Qwen2.5-14B-Instruct,80,alpaca,100,8,0.00019546577241271734,0.0001964519964531064
Qwen/Qwen2.5-14B-Instruct,80,alpaca,100,9,0.00019548917189240455,0.00019660601392388344
Qwen/Qwen2.5-14B-Instruct,80,alpaca,100,10,0.000195537181571126,0.0001969357952475548
Qwen/Qwen2.5-14B-Instruct,80,alpaca,100,11,0.00019558537751436235,0.0001972548197954893
Qwen/Qwen2.5-14B-Instruct,80,alpaca,100,12,0.00019562439993023873,0.0001975105842575431
Qwen/Qwen2.5-14B-Instruct,80,alpaca,100,13,0.0001956603489816189,0.00019773875828832388
Qwen/Qwen2.5-14B-Instruct,80,alpaca,100,14,0.00019568956922739745,0.000197920436039567
Qwen/Qwen2.5-14B-Instruct,80,alpaca,100,15,0.000195717834867537,0.00019809708464890718
Qwen/Qwen2.5-14B-Instruct,80,alpaca,100,16,0.00019572905730456114,0.00019816397689282895
Qwen/Qwen2.5-14B-Instruct,80,alpaca,100,17,0.00019574691541492938,0.000198275875300169
Qwen/Qwen2.5-14B-Instruct,80,alpaca,100,18,0.00019576456397771836,0.00019838525913655757
Qwen/Qwen2.5-14B-Instruct,80,alpaca,100,19,0.0001957808854058385,0.00019848817028105258
Qwen/Qwen2.5-14B-Instruct,80,alpaca,100,20,0.00019579574000090362,0.0001985748065635562
Qwen/Qwen2.5-14B-Instruct,80,alpaca,100,21,0.0001958062406629324,0.00019862884655594826
Qwen/Qwen2.5-14B-Instruct,80,alpaca,100,22,0.00019581664819270372,0.00019868575036525727
Qwen/Qwen2.5-14B-Instruct,80,alpaca,100,23,0.00019581713713705539,0.00019868894014507532
Qwen/Qwen2.5-14B-Instruct,80,alpaca,100,24,0.00019583646208047866,0.0001988105708733201
Qwen/Qwen2.5-14B-Instruct,80,alpaca,100,25,0.0001958747860044241,0.00019903292413800955
Qwen/Qwen2.5-14B-Instruct,80,alpaca,100,26,0.0001959093613550067,0.00019925031810998916
Qwen/Qwen2.5-14B-Instruct,80,alpaca,100,27,0.00019594053737819194,0.0001994426129385829
Qwen/Qwen2.5-14B-Instruct,80,alpaca,100,28,0.00019601250533014537,0.00019987751729786397
Qwen/Qwen2.5-14B-Instruct,80,alpaca,100,29,0.0001960878260433674,0.00020030778832733632
Qwen/Qwen2.5-14B-Instruct,80,alpaca,100,30,0.00019618519581854343,0.00020088288001716137
Qwen/Qwen2.5-14B-Instruct,80,alpaca,100,31,0.00019632407929748297,0.00020170672796666623
Qwen/Qwen2.5-14B-Instruct,80,alpaca,100,32,0.00019654359202831985,0.00020301325712352992
Qwen/Qwen2.5-14B-Instruct,80,alpaca,100,33,0.00019676603842526673,0.00020434919279068708
Qwen/Qwen2.5-14B-Instruct,80,alpaca,100,34,0.000197135959751904,0.00020654238760471345
Qwen/Qwen2.5-14B-Instruct,80,alpaca,100,35,0.00019756050314754248,0.000209078355692327
Qwen/Qwen2.5-14B-Instruct,80,alpaca,100,36,0.00019811142701655626,0.00021235267631709577
Qwen/Qwen2.5-14B-Instruct,80,alpaca,100,37,0.00019883716013282537,0.0002165741054341197
Qwen/Qwen2.5-14B-Instruct,80,alpaca,100,38,0.00019973188173025847,0.00022177044302225114
Qwen/Qwen2.5-14B-Instruct,80,alpaca,100,39,0.00020068599842488767,0.00022728764452040195
Qwen/Qwen2.5-14B-Instruct,80,alpaca,100,40,0.0002019371371716261,0.0002344911452382803
Qwen/Qwen2.5-14B-Instruct,80,alpaca,100,41,0.00020334194414317608,0.00024254629388451577
Qwen/Qwen2.5-14B-Instruct,80,alpaca,100,42,0.00020475273486226798,0.00025081431958824397
Qwen/Qwen2.5-14B-Instruct,80,alpaca,100,43,0.00020652594976127147,0.0002610757015645504
Qwen/Qwen2.5-14B-Instruct,80,alpaca,100,44,0.00020882650278508663,0.0002747930120676756
Qwen/Qwen2.5-14B-Instruct,80,alpaca,100,45,0.0002239047084003687,0.00036992256063967944
Qwen/Qwen2.5-14B-Instruct,80,alpaca,100,46,0.0002588271396234632,0.0006318476516753435
Qwen/Qwen2.5-14B-Instruct,80,alpaca,100,47,0.0007809771690517664,0.006817959249019623
Qwen/Qwen2.5-14B-Instruct,80,alpaca,100,48,0.004087591543793678,0.01850280612707138
Qwen/Qwen2.5-14B-Instruct,90,alpaca,100,1,0.01528007686138153,0.06577216982841491
Qwen/Qwen2.5-14B-Instruct,90,alpaca,100,2,0.010991277545690537,0.05528382062911987
Qwen/Qwen2.5-14B-Instruct,90,alpaca,100,3,0.00742337703704834,0.04548643827438355
Qwen/Qwen2.5-14B-Instruct,90,alpaca,100,4,0.01200961396098137,0.05703430771827698
Qwen/Qwen2.5-14B-Instruct,90,alpaca,100,5,0.00019542016088962554,0.0001961310626938939
Qwen/Qwen2.5-14B-Instruct,90,alpaca,100,6,0.0001954399747774005,0.00019627739675343037
Qwen/Qwen2.5-14B-Instruct,90,alpaca,100,7,0.0001954615116119385,0.0001964315539225936
Qwen/Qwen2.5-14B-Instruct,90,alpaca,100,8,0.00019548404961824417,0.00019659209065139293
Qwen/Qwen2.5-14B-Instruct,90,alpaca,100,9,0.00019551008008420468,0.00019676387310028077
Qwen/Qwen2.5-14B-Instruct,90,alpaca,100,10,0.00019556428305804728,0.00019713696092367173
Qwen/Qwen2.5-14B-Instruct,90,alpaca,100,11,0.00019561878871172668,0.00019749831408262254
Qwen/Qwen2.5-14B-Instruct,90,alpaca,100,12,0.00019566267728805543,0.00019778532441705465
Qwen/Qwen2.5-14B-Instruct,90,alpaca,100,13,0.00019570181611925364,0.00019803582690656186
Qwen/Qwen2.5-14B-Instruct,90,alpaca,100,14,0.0001957346685230732,0.00019824043847620486
Qwen/Qwen2.5-14B-Instruct,90,alpaca,100,15,0.00019576665945351124,0.000198440533131361
Qwen/Qwen2.5-14B-Instruct,90,alpaca,100,16,0.000195780536159873,0.00019852339755743742
Qwen/Qwen2.5-14B-Instruct,90,alpaca,100,17,0.00019580163061618804,0.00019865569192916154
Qwen/Qwen2.5-14B-Instruct,90,alpaca,100,18,0.0001958217704668641,0.00019878088496625424
Qwen/Qwen2.5-14B-Instruct,90,alpaca,100,19,0.0001958405366167426,0.00019889867398887874
Qwen/Qwen2.5-14B-Instruct,90,alpaca,100,20,0.00019585771951824427,0.00019899914041161538
Qwen/Qwen2.5-14B-Instruct,90,alpaca,100,21,0.00019586889538913965,0.00019905648659914731
Qwen/Qwen2.5-14B-Instruct,90,alpaca,100,22,0.00019588153809309007,0.00019912587013095617
Qwen/Qwen2.5-14B-Instruct,90,alpaca,100,23,0.00019588253926485776,0.00019913369324058293
Qwen/Qwen2.5-14B-Instruct,90,alpaca,100,24,0.00019590568263083696,0.00019927809480577708
Qwen/Qwen2.5-14B-Instruct,90,alpaca,100,25,0.0001959488494321704,0.0001995290629565716
Qwen/Qwen2.5-14B-Instruct,90,alpaca,100,26,0.00019598733633756636,0.00019977218471467495
Qwen/Qwen2.5-14B-Instruct,90,alpaca,100,27,0.0001960220979526639,0.00019998743664473295
Qwen/Qwen2.5-14B-Instruct,90,alpaca,100,28,0.00019610337913036346,0.00020048047881573438
Qwen/Qwen2.5-14B-Instruct,90,alpaca,100,29,0.00019618910737335683,0.0002009717747569084
Qwen/Qwen2.5-14B-Instruct,90,alpaca,100,30,0.00019630012102425098,0.00020163103472441434
Qwen/Qwen2.5-14B-Instruct,90,alpaca,100,31,0.00019645965658128263,0.00020258184522390366
Qwen/Qwen2.5-14B-Instruct,90,alpaca,100,32,0.00019671430345624685,0.00020410369616001843
Qwen/Qwen2.5-14B-Instruct,90,alpaca,100,33,0.00019696676172316075,0.00020563201978802682
Qwen/Qwen2.5-14B-Instruct,90,alpaca,100,34,0.00019739107228815554,0.0002081637503579259
Qwen/Qwen2.5-14B-Instruct,90,alpaca,100,35,0.00019787936471402646,0.00021110170055180789
Qwen/Qwen2.5-14B-Instruct,90,alpaca,100,36,0.00019851152319461107,0.00021489309147000314
Qwen/Qwen2.5-14B-Instruct,90,alpaca,100,37,0.0001993454061448574,0.00021979075390845537
Qwen/Qwen2.5-14B-Instruct,90,alpaca,100,38,0.00020036567002534866,0.00022579971700906754
Qwen/Qwen2.5-14B-Instruct,90,alpaca,100,39,0.00020145685411989688,0.00023221196606755258
Qwen/Qwen2.5-14B-Instruct,90,alpaca,100,40,0.00020288904197514058,0.00024061410222202538
Qwen/Qwen2.5-14B-Instruct,90,alpaca,100,41,0.00020449620205909014,0.0002500238595530391
Qwen/Qwen2.5-14B-Instruct,90,alpaca,100,42,0.00020609593484550716,0.0002596470294520259
Qwen/Qwen2.5-14B-Instruct,90,alpaca,100,43,0.00020810917485505342,0.00027164157945662736
Qwen/Qwen2.5-14B-Instruct,90,alpaca,100,44,0.00021072293166071176,0.00028775529935956003
Qwen/Qwen2.5-14B-Instruct,90,alpaca,100,45,0.0002279456937685609,0.00040169479325413704
Qwen/Qwen2.5-14B-Instruct,90,alpaca,100,46,0.0002680384321138263,0.0007260806858539581
Qwen/Qwen2.5-14B-Instruct,90,alpaca,100,47,0.0008863440714776516,0.008702956885099412
Qwen/Qwen2.5-14B-Instruct,90,alpaca,100,48,0.004176754504442215,0.019816219806671143
Qwen/Qwen2.5-14B-Instruct,100,alpaca,100,1,0.01704205125570297,0.07417098879814148
Qwen/Qwen2.5-14B-Instruct,100,alpaca,100,2,0.0122685045003891,0.06265755295753479
Qwen/Qwen2.5-14B-Instruct,100,alpaca,100,3,0.00834701731801033,0.051861661672592166
Qwen/Qwen2.5-14B-Instruct,100,alpaca,100,4,0.01330764889717102,0.06434850692749024
Qwen/Qwen2.5-14B-Instruct,100,alpaca,100,5,0.0001954336417838931,0.00019623367115855216
Qwen/Qwen2.5-14B-Instruct,100,alpaca,100,6,0.0001954554347321391,0.0001963946269825101
Qwen/Qwen2.5-14B-Instruct,100,alpaca,100,7,0.00019547960255295038,0.00019656810909509658
Qwen/Qwen2.5-14B-Instruct,100,alpaca,100,8,0.00019550500437617301,0.00019674960058182477
Qwen/Qwen2.5-14B-Instruct,100,alpaca,100,9,0.00019553401507437228,0.00019694073125720024
Qwen/Qwen2.5-14B-Instruct,100,alpaca,100,10,0.00019559506326913834,0.00019736143294721842
Qwen/Qwen2.5-14B-Instruct,100,alpaca,100,11,0.00019565657712519168,0.00019776893313974142
Qwen/Qwen2.5-14B-Instruct,100,alpaca,100,12,0.00019570586737245322,0.00019809124059975148
Qwen/Qwen2.5-14B-Instruct,100,alpaca,100,13,0.0001957487314939499,0.00019836544524878263
Qwen/Qwen2.5-14B-Instruct,100,alpaca,100,14,0.00019578533247113227,0.00019859382882714272
Qwen/Qwen2.5-14B-Instruct,100,alpaca,100,15,0.0001958211185410619,0.0001988180447369814
Qwen/Qwen2.5-14B-Instruct,100,alpaca,100,16,0.00019583764951676131,0.0001989163924008608
Qwen/Qwen2.5-14B-Instruct,100,alpaca,100,17,0.00019586195703595876,0.0001990689430385828
Qwen/Qwen2.5-14B-Instruct,100,alpaca,100,18,0.00019588482100516558,0.00019921078346669675
Qwen/Qwen2.5-14B-Instruct,100,alpaca,100,19,0.00019590591546148062,0.0001993441255763173
Qwen/Qwen2.5-14B-Instruct,100,alpaca,100,20,0.00019592363387346267,0.00019944598898291588
Qwen/Qwen2.5-14B-Instruct,100,alpaca,100,21,0.00019593529868870973,0.00019950473215430976
Qwen/Qwen2.5-14B-Instruct,100,alpaca,100,22,0.00019595015328377485,0.00019958673510700464
Qwen/Qwen2.5-14B-Instruct,100,alpaca,100,23,0.0001959517365321517,0.00019959795754402875
Qwen/Qwen2.5-14B-Instruct,100,alpaca,100,24,0.00019597827922552825,0.00019976417534053325
Qwen/Qwen2.5-14B-Instruct,100,alpaca,100,25,0.00019602596294134855,0.00020004308316856623
Qwen/Qwen2.5-14B-Instruct,100,alpaca,100,26,0.00019606880377978086,0.00020031384192407132
Qwen/Qwen2.5-14B-Instruct,100,alpaca,100,27,0.00019610768649727106,0.00020055496133863926
Qwen/Qwen2.5-14B-Instruct,100,alpaca,100,28,0.00019619909580796956,0.0002011094242334366
Qwen/Qwen2.5-14B-Instruct,100,alpaca,100,29,0.00019629518501460553,0.00020166225731372834
Qwen/Qwen2.5-14B-Instruct,100,alpaca,100,30,0.00019642049446702003,0.0002024077344685793
Qwen/Qwen2.5-14B-Instruct,100,alpaca,100,31,0.00019660161342471838,0.00020349009428173305
Qwen/Qwen2.5-14B-Instruct,100,alpaca,100,32,0.00019689195323735476,0.00020522917620837688
Qwen/Qwen2.5-14B-Instruct,100,alpaca,100,33,0.00019717563409358264,0.00020695605780929327
Qwen/Qwen2.5-14B-Instruct,100,alpaca,100,34,0.00019765861798077823,0.00020984974689781667
Qwen/Qwen2.5-14B-Instruct,100,alpaca,100,35,0.0001982146641239524,0.00021321428939700127
Qwen/Qwen2.5-14B-Instruct,100,alpaca,100,36,0.0001989335287362337,0.00021755790803581476
Qwen/Qwen2.5-14B-Instruct,100,alpaca,100,37,0.00019988019485026599,0.00022317052353173494
Qwen/Qwen2.5-14B-Instruct,100,alpaca,100,38,0.00020103352144360543,0.00023004976101219653
Qwen/Qwen2.5-14B-Instruct,100,alpaca,100,39,0.00020226766355335712,0.0002374132163822651
Qwen/Qwen2.5-14B-Instruct,100,alpaca,100,40,0.00020388741977512838,0.00024708854034543036
Qwen/Qwen2.5-14B-Instruct,100,alpaca,100,41,0.0002057100646197796,0.00025798354763537643
Qwen/Qwen2.5-14B-Instruct,100,alpaca,100,42,0.00020751396659761666,0.0002691154135391116
Qwen/Qwen2.5-14B-Instruct,100,alpaca,100,43,0.00020978362299501897,0.000283030210994184
Qwen/Qwen2.5-14B-Instruct,100,alpaca,100,44,0.00021272795274853706,0.0003017791546881199
Qwen/Qwen2.5-14B-Instruct,100,alpaca,100,45,0.00023227436468005181,0.0004372847266495228
Qwen/Qwen2.5-14B-Instruct,100,alpaca,100,46,0.0002776615787297487,0.0008321702480316162
Qwen/Qwen2.5-14B-Instruct,100,alpaca,100,47,0.0010017607361078261,0.010843712091445922
Qwen/Qwen2.5-14B-Instruct,100,alpaca,100,48,0.00423591434955597,0.02086082100868225
Qwen/Qwen2.5-1.5B-Instruct,10,alpaca,100,1,0.007400193214416504,0.008669379234313965
Qwen/Qwen2.5-1.5B-Instruct,10,alpaca,100,2,0.0010002310276031494,0.0010014001131057738
Qwen/Qwen2.5-1.5B-Instruct,10,alpaca,100,3,0.00100009822845459,0.0010006375312805176
Qwen/Qwen2.5-1.5B-Instruct,10,alpaca,100,4,0.0010001105070114136,0.0010007132291793824
Qwen/Qwen2.5-1.5B-Instruct,10,alpaca,100,5,0.00100014066696167,0.0010008915662765502
Qwen/Qwen2.5-1.5B-Instruct,10,alpaca,100,6,0.0010001236200332642,0.0010007901191711427
Qwen/Qwen2.5-1.5B-Instruct,10,alpaca,100,7,0.001000136137008667,0.0010008634328842164
Qwen/Qwen2.5-1.5B-Instruct,10,alpaca,100,8,0.0010001548528671264,0.0010009727478027344
Qwen/Qwen2.5-1.5B-Instruct,10,alpaca,100,9,0.0010001626014709472,0.0010010172128677368
Qwen/Qwen2.5-1.5B-Instruct,10,alpaca,100,10,0.0010001763105392455,0.0010010972023010254
Qwen/Qwen2.5-1.5B-Instruct,10,alpaca,100,11,0.001000180721282959,0.0010011228322982788
Qwen/Qwen2.5-1.5B-Instruct,10,alpaca,100,12,0.0010001815557479858,0.0010011255741119384
Qwen/Qwen2.5-1.5B-Instruct,10,alpaca,100,13,0.0010001900196075439,0.0010011752843856812
Qwen/Qwen2.5-1.5B-Instruct,10,alpaca,100,14,0.00100020694732666,0.0010012725591659545
Qwen/Qwen2.5-1.5B-Instruct,10,alpaca,100,15,0.0010002137422561645,0.0010013114213943482
Qwen/Qwen2.5-1.5B-Instruct,10,alpaca,100,16,0.0010002164840698243,0.0010013258457183837
Qwen/Qwen2.5-1.5B-Instruct,10,alpaca,100,17,0.0010002349615097046,0.0010014293193817139
Qwen/Qwen2.5-1.5B-Instruct,10,alpaca,100,18,0.0010002683401107789,0.001001615285873413
Qwen/Qwen2.5-1.5B-Instruct,10,alpaca,100,19,0.0010003190040588378,0.0010018916130065919
Qwen/Qwen2.5-1.5B-Instruct,10,alpaca,100,20,0.0010004186630249024,0.0010024237632751465
Qwen/Qwen2.5-1.5B-Instruct,10,alpaca,100,21,0.001000545382499695,0.0010030895471572876
Qwen/Qwen2.5-1.5B-Instruct,10,alpaca,100,22,0.0010007489919662475,0.0010041263103485107
Qwen/Qwen2.5-1.5B-Instruct,10,alpaca,100,23,0.0010010298490524291,0.0010055220127105713
Qwen/Qwen2.5-1.5B-Instruct,10,alpaca,100,24,0.0010013265609741212,0.0010069519281387328
Qwen/Qwen2.5-1.5B-Instruct,10,alpaca,100,25,0.0010016987323760987,0.0010087203979492188
Qwen/Qwen2.5-1.5B-Instruct,10,alpaca,100,26,0.0010020411014556884,0.0010103056430816651
Qwen/Qwen2.5-1.5B-Instruct,10,alpaca,100,27,0.0032533438205718996,0.005535995960235596
Qwen/Qwen2.5-1.5B-Instruct,10,alpaca,100,28,0.007291126728057862,0.008881142616271973
Qwen/Qwen2.5-1.5B-Instruct,20,alpaca,100,1,0.009499489019314447,0.012345466762781143
Qwen/Qwen2.5-1.5B-Instruct,20,alpaca,100,2,0.0006513338691244522,0.0006528401281684637
Qwen/Qwen2.5-1.5B-Instruct,20,alpaca,100,3,0.0006511673952142397,0.000651866119975845
Qwen/Qwen2.5-1.5B-Instruct,20,alpaca,100,4,0.0006511909887194633,0.000652015053977569
Qwen/Qwen2.5-1.5B-Instruct,20,alpaca,100,5,0.0006512330534557501,0.0006522672095646461
Qwen/Qwen2.5-1.5B-Instruct,20,alpaca,100,6,0.000651208683848381,0.000652121069530646
Qwen/Qwen2.5-1.5B-Instruct,20,alpaca,100,7,0.0006512258357057968,0.0006522228941321373
Qwen/Qwen2.5-1.5B-Instruct,20,alpaca,100,8,0.0006512526888400316,0.0006523797443757454
Qwen/Qwen2.5-1.5B-Instruct,20,alpaca,100,9,0.000651264563202858,0.0006524502920607725
Qwen/Qwen2.5-1.5B-Instruct,20,alpaca,100,10,0.000651282025501132,0.0006525526599337658
Qwen/Qwen2.5-1.5B-Instruct,20,alpaca,100,11,0.0006512963057806095,0.0006526370998471975
Qwen/Qwen2.5-1.5B-Instruct,20,alpaca,100,12,0.0006512916491677364,0.0006526079184065262
Qwen/Qwen2.5-1.5B-Instruct,20,alpaca,100,13,0.0006513039891918501,0.0006526819585512081
Qwen/Qwen2.5-1.5B-Instruct,20,alpaca,100,14,0.0006513344123959541,0.0006528584441790978
Qwen/Qwen2.5-1.5B-Instruct,20,alpaca,100,15,0.0006513474509119987,0.000652932949985067
Qwen/Qwen2.5-1.5B-Instruct,20,alpaca,100,16,0.0006513476061324278,0.0006529316306114197
Qwen/Qwen2.5-1.5B-Instruct,20,alpaca,100,17,0.0006513717429091533,0.0006530662067234516
Qwen/Qwen2.5-1.5B-Instruct,20,alpaca,100,18,0.0006514104704062144,0.0006532875510553519
Qwen/Qwen2.5-1.5B-Instruct,20,alpaca,100,19,0.0006514697646101316,0.0006536172392467657
Qwen/Qwen2.5-1.5B-Instruct,20,alpaca,100,20,0.0006515781860798597,0.0006542022650440534
Qwen/Qwen2.5-1.5B-Instruct,20,alpaca,100,21,0.0006517362780869007,0.0006550455776353677
Qwen/Qwen2.5-1.5B-Instruct,20,alpaca,100,22,0.0006519892873863379,0.0006563701511671146
Qwen/Qwen2.5-1.5B-Instruct,20,alpaca,100,23,0.000652362514908115,0.0006582711357623339
Qwen/Qwen2.5-1.5B-Instruct,20,alpaca,100,24,0.0006527861890693506,0.0006603688622514406
Qwen/Qwen2.5-1.5B-Instruct,20,alpaca,100,25,0.0006533102908482155,0.0006629419513046741
Qwen/Qwen2.5-1.5B-Instruct,20,alpaca,100,26,0.0006538732753445705,0.0006656014205267032
Qwen/Qwen2.5-1.5B-Instruct,20,alpaca,100,27,0.004570484161376953,0.009251650422811508
Qwen/Qwen2.5-1.5B-Instruct,20,alpaca,100,28,0.00760043536623319,0.011849090456962585
Qwen/Qwen2.5-1.5B-Instruct,30,alpaca,100,1,0.015141129493713379,0.02997792015473048
Qwen/Qwen2.5-1.5B-Instruct,30,alpaca,100,2,0.0006514967729647955,0.0006539637688547373
Qwen/Qwen2.5-1.5B-Instruct,30,alpaca,100,3,0.000651239650323987,0.0006523886695504189
Qwen/Qwen2.5-1.5B-Instruct,30,alpaca,100,4,0.0006512794643640518,0.0006526499055325985
Qwen/Qwen2.5-1.5B-Instruct,30,alpaca,100,5,0.0006513443465034167,0.000653053168207407
Qwen/Qwen2.5-1.5B-Instruct,30,alpaca,100,6,0.0006513053085654974,0.0006528050483514866
Qwen/Qwen2.5-1.5B-Instruct,30,alpaca,100,7,0.0006513319288690885,0.0006529660119364659
Qwen/Qwen2.5-1.5B-Instruct,30,alpaca,100,8,0.0006513743040462335,0.0006532200301686922
Qwen/Qwen2.5-1.5B-Instruct,30,alpaca,100,9,0.0006513952588041624,0.0006533466124286255
Qwen/Qwen2.5-1.5B-Instruct,30,alpaca,100,10,0.0006514276222636303,0.0006535400170832872
Qwen/Qwen2.5-1.5B-Instruct,30,alpaca,100,11,0.0006514437651882569,0.0006536345463246107
Qwen/Qwen2.5-1.5B-Instruct,30,alpaca,100,12,0.0006514460158844789,0.0006536423073460659
Qwen/Qwen2.5-1.5B-Instruct,30,alpaca,100,13,0.000651462779690822,0.0006537470035254955
Qwen/Qwen2.5-1.5B-Instruct,30,alpaca,100,14,0.0006515110532442728,0.0006540277972817421
Qwen/Qwen2.5-1.5B-Instruct,30,alpaca,100,15,0.000651530222967267,0.0006541309412568808
Qwen/Qwen2.5-1.5B-Instruct,30,alpaca,100,16,0.0006515365093946457,0.0006541622957835594
Qwen/Qwen2.5-1.5B-Instruct,30,alpaca,100,17,0.0006515762458244959,0.0006543851147095362
Qwen/Qwen2.5-1.5B-Instruct,30,alpaca,100,18,0.000651633832603693,0.000654719149072965
Qwen/Qwen2.5-1.5B-Instruct,30,alpaca,100,19,0.0006517223082482815,0.0006552285825212797
Qwen/Qwen2.5-1.5B-Instruct,30,alpaca,100,20,0.000651899337147673,0.000656233091528217
Qwen/Qwen2.5-1.5B-Instruct,30,alpaca,100,21,0.0006521460600197315,0.0006575724110007286
Qwen/Qwen2.5-1.5B-Instruct,30,alpaca,100,22,0.0006525297649204731,0.0006596592720597982
Qwen/Qwen2.5-1.5B-Instruct,30,alpaca,100,23,0.0006531199129919211,0.0006627658537278572
Qwen/Qwen2.5-1.5B-Instruct,30,alpaca,100,24,0.0006537904652456442,0.0006662380571166674
Qwen/Qwen2.5-1.5B-Instruct,30,alpaca,100,25,0.0006546010263264179,0.000670422101393342
Qwen/Qwen2.5-1.5B-Instruct,30,alpaca,100,26,0.0006554843081782261,0.0006747220953305563
Qwen/Qwen2.5-1.5B-Instruct,30,alpaca,100,27,0.007220574965079625,0.01940477391084035
Qwen/Qwen2.5-1.5B-Instruct,30,alpaca,100,28,0.007133906707167625,0.017152786254882812
Qwen/Qwen2.5-1.5B-Instruct,40,alpaca,100,1,0.022184709707895916,0.05585733552773794
Qwen/Qwen2.5-1.5B-Instruct,40,alpaca,100,2,0.0006516795450200638,0.0006552473641932011
Qwen/Qwen2.5-1.5B-Instruct,40,alpaca,100,3,0.0006513160963853201,0.0006529544480144978
Qwen/Qwen2.5-1.5B-Instruct,40,alpaca,100,4,0.0006513753129790226,0.0006533544510602951
Qwen/Qwen2.5-1.5B-Instruct,40,alpaca,100,5,0.0006514625468601783,0.0006539166594545046
Qwen/Qwen2.5-1.5B-Instruct,40,alpaca,100,6,0.000651410004744927,0.0006535715268303951
Qwen/Qwen2.5-1.5B-Instruct,40,alpaca,100,7,0.0006514464039355516,0.0006537913965682188
Qwen/Qwen2.5-1.5B-Instruct,40,alpaca,100,8,0.0006515042235453924,0.0006541419619073471
Qwen/Qwen2.5-1.5B-Instruct,40,alpaca,100,9,0.0006515349571903547,0.0006543288473039865
Qwen/Qwen2.5-1.5B-Instruct,40,alpaca,100,10,0.0006515818337599436,0.0006546123574177424
Qwen/Qwen2.5-1.5B-Instruct,40,alpaca,100,11,0.0006515985199560722,0.0006547049464037021
Qwen/Qwen2.5-1.5B-Instruct,40,alpaca,100,12,0.0006516107823699713,0.0006547714583575726
Qwen/Qwen2.5-1.5B-Instruct,40,alpaca,100,13,0.0006516357728590568,0.0006549210132410129
Qwen/Qwen2.5-1.5B-Instruct,40,alpaca,100,14,0.0006516999565064907,0.0006552988973756632
Qwen/Qwen2.5-1.5B-Instruct,40,alpaca,100,15,0.0006517211440950632,0.000655413760493199
Qwen/Qwen2.5-1.5B-Instruct,40,alpaca,100,16,0.000651735890035828,0.0006554874125868082
Qwen/Qwen2.5-1.5B-Instruct,40,alpaca,100,17,0.0006517937872558832,0.0006558185753722986
Qwen/Qwen2.5-1.5B-Instruct,40,alpaca,100,18,0.0006518790032714605,0.0006563221104443073
Qwen/Qwen2.5-1.5B-Instruct,40,alpaca,100,19,0.000652003800496459,0.0006570612701276938
Qwen/Qwen2.5-1.5B-Instruct,40,alpaca,100,20,0.0006522644155969223,0.0006585808781286081
Qwen/Qwen2.5-1.5B-Instruct,40,alpaca,100,21,0.0006526089273393154,0.0006605128291994333
Qwen/Qwen2.5-1.5B-Instruct,40,alpaca,100,22,0.0006531600374728441,0.0006636263181765875
Qwen/Qwen2.5-1.5B-Instruct,40,alpaca,100,23,0.000653992872685194,0.0006681613158434629
Qwen/Qwen2.5-1.5B-Instruct,40,alpaca,100,24,0.0006549345174183449,0.0006732670590281487
Qwen/Qwen2.5-1.5B-Instruct,40,alpaca,100,25,0.0006561074405908585,0.0006795942317694426
Qwen/Qwen2.5-1.5B-Instruct,40,alpaca,100,26,0.0006572811398655176,0.0006856199664374193
Qwen/Qwen2.5-1.5B-Instruct,40,alpaca,100,27,0.012184268484512964,0.04167104264100393
Qwen/Qwen2.5-1.5B-Instruct,40,alpaca,100,28,0.007628884166479111,0.02625266710917155
Qwen/Qwen2.5-1.5B-Instruct,50,alpaca,100,1,0.028920061886310577,0.08333015441894531
Qwen/Qwen2.5-1.5B-Instruct,50,alpaca,100,2,0.000651858514174819,0.0006564992169539133
Qwen/Qwen2.5-1.5B-Instruct,50,alpaca,100,3,0.0006513886619359255,0.0006534974090754986
Qwen/Qwen2.5-1.5B-Instruct,50,alpaca,100,4,0.0006514686780671278,0.0006540456476310889
Qwen/Qwen2.5-1.5B-Instruct,50,alpaca,100,5,0.0006515789621820053,0.0006547683539489905
Qwen/Qwen2.5-1.5B-Instruct,50,alpaca,100,6,0.0006515149337550005,0.0006543381605297327
Qwen/Qwen2.5-1.5B-Instruct,50,alpaca,100,7,0.000651563440139095,0.000654635252431035
Qwen/Qwen2.5-1.5B-Instruct,50,alpaca,100,8,0.0006516372474531332,0.0006550835290302833
Qwen/Qwen2.5-1.5B-Instruct,50,alpaca,100,9,0.0006516791569689909,0.0006553442217409611
Qwen/Qwen2.5-1.5B-Instruct,50,alpaca,100,10,0.0006517410123099884,0.0006557210193326076
Qwen/Qwen2.5-1.5B-Instruct,50,alpaca,100,11,0.0006517597163716952,0.0006558203604072332
Qwen/Qwen2.5-1.5B-Instruct,50,alpaca,100,12,0.0006517844740301371,0.0006559586618095636
Qwen/Qwen2.5-1.5B-Instruct,50,alpaca,100,13,0.0006518173031508923,0.0006561531530072292
Qwen/Qwen2.5-1.5B-Instruct,50,alpaca,100,14,0.00065189638795952,0.0006566191247353951
Qwen/Qwen2.5-1.5B-Instruct,50,alpaca,100,15,0.0006519176531583071,0.0006567322804282109
Qwen/Qwen2.5-1.5B-Instruct,50,alpaca,100,16,0.000651942410816749,0.0006568601044515768
Qwen/Qwen2.5-1.5B-Instruct,50,alpaca,100,17,0.000652015907689929,0.0006572906083116928
Qwen/Qwen2.5-1.5B-Instruct,50,alpaca,100,18,0.0006521289081623157,0.0006579671365519365
Qwen/Qwen2.5-1.5B-Instruct,50,alpaca,100,19,0.0006522940626988808,0.0006589614786207676
Qwen/Qwen2.5-1.5B-Instruct,50,alpaca,100,20,0.0006526501383632421,0.0006610671213517586
Qwen/Qwen2.5-1.5B-Instruct,50,alpaca,100,21,0.0006530998895565668,0.000663652162378033
Qwen/Qwen2.5-1.5B-Instruct,50,alpaca,100,22,0.0006538490609576305,0.0006679690753420194
Qwen/Qwen2.5-1.5B-Instruct,50,alpaca,100,23,0.0006549467798322439,0.0006740884855389595
Qwen/Qwen2.5-1.5B-Instruct,50,alpaca,100,24,0.0006562085667004188,0.0006811075533429781
Qwen/Qwen2.5-1.5B-Instruct,50,alpaca,100,25,0.0006578459870070219,0.0006901770830154419
Qwen/Qwen2.5-1.5B-Instruct,50,alpaca,100,26,0.0006593922929217418,0.0006984389231850704
Qwen/Qwen2.5-1.5B-Instruct,50,alpaca,100,27,0.01719000314672788,0.06975837548573811
Qwen/Qwen2.5-1.5B-Instruct,50,alpaca,100,28,0.008667830377817154,0.03687832752863566
Qwen/Qwen2.5-1.5B-Instruct,60,alpaca,100,1,0.03621046990156174,0.1108296016852061
Qwen/Qwen2.5-1.5B-Instruct,60,alpaca,100,2,0.0006520321282247702,0.0006577145153035721
Qwen/Qwen2.5-1.5B-Instruct,60,alpaca,100,3,0.0006514599081128836,0.0006540282629430294
Qwen/Qwen2.5-1.5B-Instruct,60,alpaca,100,4,0.000651562043155233,0.000654731256266435
Qwen/Qwen2.5-1.5B-Instruct,60,alpaca,100,5,0.0006516958431651195,0.0006556157798816761
Qwen/Qwen2.5-1.5B-Instruct,60,alpaca,100,6,0.0006516225015123686,0.0006551158924897512
Qwen/Qwen2.5-1.5B-Instruct,60,alpaca,100,7,0.0006516849777350823,0.0006554964153716961
Qwen/Qwen2.5-1.5B-Instruct,60,alpaca,100,8,0.0006517750055839618,0.0006560489224890868
Qwen/Qwen2.5-1.5B-Instruct,60,alpaca,100,9,0.0006518284014115731,0.0006563777569681406
Qwen/Qwen2.5-1.5B-Instruct,60,alpaca,100,10,0.0006519044594218334,0.0006568414780000845
Qwen/Qwen2.5-1.5B-Instruct,60,alpaca,100,11,0.0006519252589593331,0.0006569443891445795
Qwen/Qwen2.5-1.5B-Instruct,60,alpaca,100,12,0.0006519619685908159,0.0006571557217588028
Qwen/Qwen2.5-1.5B-Instruct,60,alpaca,100,13,0.0006520017050206661,0.0006573871554185947
Qwen/Qwen2.5-1.5B-Instruct,60,alpaca,100,14,0.0006520958462109169,0.0006579465698450804
Qwen/Qwen2.5-1.5B-Instruct,60,alpaca,100,15,0.0006521169561892748,0.0006580517316857973
Qwen/Qwen2.5-1.5B-Instruct,60,alpaca,100,16,0.0006521522688368956,0.0006582375305394331
Qwen/Qwen2.5-1.5B-Instruct,60,alpaca,100,17,0.0006522407444814841,0.0006587596920629343
Qwen/Qwen2.5-1.5B-Instruct,60,alpaca,100,18,0.0006523809085289637,0.0006596086701999108
Qwen/Qwen2.5-1.5B-Instruct,60,alpaca,100,19,0.0006525879725813866,0.0006608577289928993
Qwen/Qwen2.5-1.5B-Instruct,60,alpaca,100,20,0.0006530366372317076,0.000663526589050889
Qwen/Qwen2.5-1.5B-Instruct,60,alpaca,100,21,0.0006535954307764769,0.0006667875374356905
Qwen/Qwen2.5-1.5B-Instruct,60,alpaca,100,22,0.0006545486394315958,0.0006723296052465836
Qwen/Qwen2.5-1.5B-Instruct,60,alpaca,100,23,0.0006559298684199651,0.0006801281900455555
Qwen/Qwen2.5-1.5B-Instruct,60,alpaca,100,24,0.0006575414445251226,0.0006892241071909666
Qwen/Qwen2.5-1.5B-Instruct,60,alpaca,100,25,0.0006596735523392757,0.000701225595548749
Qwen/Qwen2.5-1.5B-Instruct,60,alpaca,100,26,0.0006616348400712013,0.000711964520936211
Qwen/Qwen2.5-1.5B-Instruct,60,alpaca,100,27,0.022566601634025574,0.09937762220700581
Qwen/Qwen2.5-1.5B-Instruct,60,alpaca,100,28,0.009827282900611559,0.046797012289365135
Qwen/Qwen2.5-1.5B-Instruct,70,alpaca,100,1,0.044465020298957825,0.1380018393198649
Qwen/Qwen2.5-1.5B-Instruct,70,alpaca,100,2,0.0006522029483069977,0.0006589028829087814
Qwen/Qwen2.5-1.5B-Instruct,70,alpaca,100,3,0.0006515287483731905,0.0006545362217972676
Qwen/Qwen2.5-1.5B-Instruct,70,alpaca,100,4,0.00065165424409012,0.0006554046800980965
Qwen/Qwen2.5-1.5B-Instruct,70,alpaca,100,5,0.0006518127241482338,0.0006564553671826919
Qwen/Qwen2.5-1.5B-Instruct,70,alpaca,100,6,0.0006517310005923113,0.0006558913737535477
Qwen/Qwen2.5-1.5B-Instruct,70,alpaca,100,7,0.0006518067481617132,0.000656352611258626
Qwen/Qwen2.5-1.5B-Instruct,70,alpaca,100,8,0.0006519166442255179,0.0006570265783617893
Qwen/Qwen2.5-1.5B-Instruct,70,alpaca,100,9,0.0006519806726525227,0.0006574216143538555
Qwen/Qwen2.5-1.5B-Instruct,70,alpaca,100,10,0.0006520706228911877,0.0006579716379443804
Qwen/Qwen2.5-1.5B-Instruct,70,alpaca,100,11,0.0006520939835657676,0.0006580845608065525
Qwen/Qwen2.5-1.5B-Instruct,70,alpaca,100,12,0.0006521426451702913,0.0006583624829848608
Qwen/Qwen2.5-1.5B-Instruct,70,alpaca,100,13,0.0006521872710436583,0.000658622399593393
Qwen/Qwen2.5-1.5B-Instruct,70,alpaca,100,14,0.0006522970118870338,0.000659274635836482
Qwen/Qwen2.5-1.5B-Instruct,70,alpaca,100,15,0.0006523171905428171,0.0006593694755186638
Qwen/Qwen2.5-1.5B-Instruct,70,alpaca,100,16,0.0006523629029591879,0.0006596121626595656
Qwen/Qwen2.5-1.5B-Instruct,70,alpaca,100,17,0.0006524646499504646,0.0006602152716368437
Qwen/Qwen2.5-1.5B-Instruct,70,alpaca,100,18,0.000652632520844539,0.0006612351474662622
Qwen/Qwen2.5-1.5B-Instruct,70,alpaca,100,19,0.0006528796317676703,0.0006627298425883055
Qwen/Qwen2.5-1.5B-Instruct,70,alpaca,100,20,0.0006534158407400051,0.0006659275386482477
Qwen/Qwen2.5-1.5B-Instruct,70,alpaca,100,21,0.0006540858497222265,0.0006698714569211006
Qwen/Qwen2.5-1.5B-Instruct,70,alpaca,100,22,0.0006552438717335463,0.0006766347990681728
Qwen/Qwen2.5-1.5B-Instruct,70,alpaca,100,23,0.000656915440534552,0.00068613700568676
Qwen/Qwen2.5-1.5B-Instruct,70,alpaca,100,24,0.0006588931816319624,0.0006973906420171261
Qwen/Qwen2.5-1.5B-Instruct,70,alpaca,100,25,0.0006615613431980213,0.0007125900592654943
Qwen/Qwen2.5-1.5B-Instruct,70,alpaca,100,26,0.0006639706746985515,0.0007260146085172892
Qwen/Qwen2.5-1.5B-Instruct,70,alpaca,100,27,0.02745012442270915,0.12687230110168457
Qwen/Qwen2.5-1.5B-Instruct,70,alpaca,100,28,0.010824936131636301,0.055104667941729225
Qwen/Qwen2.5-1.5B-Instruct,80,alpaca,100,1,0.050629496574401855,0.15753647685050964
Qwen/Qwen2.5-1.5B-Instruct,80,alpaca,100,2,0.0006523750101526579,0.0006600736329952875
Qwen/Qwen2.5-1.5B-Instruct,80,alpaca,100,3,0.0006515991408377886,0.0006550466641783714
Qwen/Qwen2.5-1.5B-Instruct,80,alpaca,100,4,0.0006517457465330759,0.0006560571491718292
Qwen/Qwen2.5-1.5B-Instruct,80,alpaca,100,5,0.0006519264231125513,0.0006572587105135123
Qwen/Qwen2.5-1.5B-Instruct,80,alpaca,100,6,0.0006518355415513118,0.0006566266529262066
Qwen/Qwen2.5-1.5B-Instruct,80,alpaca,100,7,0.000651925103738904,0.0006571681393931309
Qwen/Qwen2.5-1.5B-Instruct,80,alpaca,100,8,0.0006520517636090517,0.0006579461041837931
Qwen/Qwen2.5-1.5B-Instruct,80,alpaca,100,9,0.0006521269679069519,0.0006584071088582277
Qwen/Qwen2.5-1.5B-Instruct,80,alpaca,100,10,0.0006522294910003742,0.000659034742663304
Qwen/Qwen2.5-1.5B-Instruct,80,alpaca,100,11,0.0006522552575916052,0.0006591555041571459
Qwen/Qwen2.5-1.5B-Instruct,80,alpaca,100,12,0.0006523149398465952,0.0006595004039506117
Qwen/Qwen2.5-1.5B-Instruct,80,alpaca,100,13,0.0006523663178086281,0.000659795788427194
Qwen/Qwen2.5-1.5B-Instruct,80,alpaca,100,14,0.000652489485219121,0.0006605285840729872
Qwen/Qwen2.5-1.5B-Instruct,80,alpaca,100,15,0.0006525097414851189,0.0006606187671422958
Qwen/Qwen2.5-1.5B-Instruct,80,alpaca,100,16,0.0006525655432293812,0.0006609182649602493
Qwen/Qwen2.5-1.5B-Instruct,80,alpaca,100,17,0.0006526804839571317,0.0006616030974934498
Qwen/Qwen2.5-1.5B-Instruct,80,alpaca,100,18,0.0006528770706305901,0.0006627961217115322
Qwen/Qwen2.5-1.5B-Instruct,80,alpaca,100,19,0.0006531639179835717,0.0006645334263642629
Qwen/Qwen2.5-1.5B-Instruct,80,alpaca,100,20,0.0006537929487725099,0.0006682846384743849
Qwen/Qwen2.5-1.5B-Instruct,80,alpaca,100,21,0.0006545726209878922,0.0006728951508800188
Qwen/Qwen2.5-1.5B-Instruct,80,alpaca,100,22,0.0006559311101833979,0.000680837236965696
Qwen/Qwen2.5-1.5B-Instruct,80,alpaca,100,23,0.0006578713655471802,0.0006919032894074917
Qwen/Qwen2.5-1.5B-Instruct,80,alpaca,100,24,0.0006601945497095585,0.0007051778957247734
Qwen/Qwen2.5-1.5B-Instruct,80,alpaca,100,25,0.0006633663239578406,0.0007233583989242712
Qwen/Qwen2.5-1.5B-Instruct,80,alpaca,100,26,0.0006661789957433939,0.0007392188223699728
Qwen/Qwen2.5-1.5B-Instruct,80,alpaca,100,27,0.03230564544598261,0.1498648722966512
Qwen/Qwen2.5-1.5B-Instruct,80,alpaca,100,28,0.011605150997638702,0.06176095207532247
Qwen/Qwen2.5-1.5B-Instruct,90,alpaca,100,1,0.05604682366053263,0.17371686299641928
Qwen/Qwen2.5-1.5B-Instruct,90,alpaca,100,2,0.0006525415616730849,0.0006611937812219063
Qwen/Qwen2.5-1.5B-Instruct,90,alpaca,100,3,0.0006516678258776665,0.0006555388681590557
Qwen/Qwen2.5-1.5B-Instruct,90,alpaca,100,4,0.0006518346102287372,0.000656684705366691
Qwen/Qwen2.5-1.5B-Instruct,90,alpaca,100,5,0.0006520368624478579,0.00065802705163757
Qwen/Qwen2.5-1.5B-Instruct,90,alpaca,100,6,0.0006519369004915158,0.0006573288701474667
Qwen/Qwen2.5-1.5B-Instruct,90,alpaca,100,7,0.0006520397340257963,0.0006579516145090262
Qwen/Qwen2.5-1.5B-Instruct,90,alpaca,100,8,0.0006521831577022871,0.0006588314039011797
Qwen/Qwen2.5-1.5B-Instruct,90,alpaca,100,9,0.0006522684513280789,0.0006593527117123207
Qwen/Qwen2.5-1.5B-Instruct,90,alpaca,100,10,0.0006523840129375458,0.0006600594303260247
Qwen/Qwen2.5-1.5B-Instruct,90,alpaca,100,11,0.0006524124182760715,0.0006601888065536817
Qwen/Qwen2.5-1.5B-Instruct,90,alpaca,100,12,0.0006524833540121714,0.0006606003735214472
Qwen/Qwen2.5-1.5B-Instruct,90,alpaca,100,13,0.0006525400094687939,0.000660923154403766
Qwen/Qwen2.5-1.5B-Instruct,90,alpaca,100,14,0.000652676448225975,0.0006617368975033363
Qwen/Qwen2.5-1.5B-Instruct,90,alpaca,100,15,0.0006526970149328312,0.0006618217254678408
Qwen/Qwen2.5-1.5B-Instruct,90,alpaca,100,16,0.0006527635268867016,0.0006621795085569223
Qwen/Qwen2.5-1.5B-Instruct,90,alpaca,100,17,0.0006528911956896385,0.0006629443572213253
Qwen/Qwen2.5-1.5B-Instruct,90,alpaca,100,18,0.0006531161100914081,0.0006643117715915045
Qwen/Qwen2.5-1.5B-Instruct,90,alpaca,100,19,0.000653442849094669,0.0006662862530599037
Qwen/Qwen2.5-1.5B-Instruct,90,alpaca,100,20,0.000654160821189483,0.0006705579968790213
Qwen/Qwen2.5-1.5B-Instruct,90,alpaca,100,21,0.0006550493029256662,0.0006758284289389849
Qwen/Qwen2.5-1.5B-Instruct,90,alpaca,100,22,0.0006566118293752273,0.000684961366156737
Qwen/Qwen2.5-1.5B-Instruct,90,alpaca,100,23,0.0006588151833663384,0.0006975524593144655
Qwen/Qwen2.5-1.5B-Instruct,90,alpaca,100,24,0.0006614696855346361,0.0007127608017375072
Qwen/Qwen2.5-1.5B-Instruct,90,alpaca,100,25,0.0006651293175915877,0.0007338278616468111
Qwen/Qwen2.5-1.5B-Instruct,90,alpaca,100,26,0.0006683530906836191,0.0007521591614931822
Qwen/Qwen2.5-1.5B-Instruct,90,alpaca,100,27,0.036822251975536346,0.16895854473114014
Qwen/Qwen2.5-1.5B-Instruct,90,alpaca,100,28,0.012213909377654394,0.06702020764350891
Qwen/Qwen2.5-1.5B-Instruct,100,alpaca,100,1,0.060508484641710915,0.18674486875534058
Qwen/Qwen2.5-1.5B-Instruct,100,alpaca,100,2,0.0006527069490402937,0.0006622919657578071
Qwen/Qwen2.5-1.5B-Instruct,100,alpaca,100,3,0.0006517339497804642,0.0006560091860592365
Qwen/Qwen2.5-1.5B-Instruct,100,alpaca,100,4,0.0006519202142953873,0.0006572868830213944
Qwen/Qwen2.5-1.5B-Instruct,100,alpaca,100,5,0.0006521464480708042,0.0006587854586541653
Qwen/Qwen2.5-1.5B-Instruct,100,alpaca,100,6,0.0006520377161602179,0.0006580254218230645
Qwen/Qwen2.5-1.5B-Instruct,100,alpaca,100,7,0.000652155140414834,0.0006587341583023468
Qwen/Qwen2.5-1.5B-Instruct,100,alpaca,100,8,0.0006523150174568096,0.0006597121246159077
Qwen/Qwen2.5-1.5B-Instruct,100,alpaca,100,9,0.0006524108660717806,0.0006602966071416935
Qwen/Qwen2.5-1.5B-Instruct,100,alpaca,100,10,0.000652538767705361,0.0006610751152038574
Qwen/Qwen2.5-1.5B-Instruct,100,alpaca,100,11,0.000652568880468607,0.0006612089928239584
Qwen/Qwen2.5-1.5B-Instruct,100,alpaca,100,12,0.0006526498279223839,0.0006616793883343538
Qwen/Qwen2.5-1.5B-Instruct,100,alpaca,100,13,0.0006527123817553123,0.0006620328252514204
Qwen/Qwen2.5-1.5B-Instruct,100,alpaca,100,14,0.0006528604620446762,0.0006629168832053741
Qwen/Qwen2.5-1.5B-Instruct,100,alpaca,100,15,0.0006528811839719614,0.0006629962784548601
Qwen/Qwen2.5-1.5B-Instruct,100,alpaca,100,16,0.0006529580956945816,0.0006634109498312076
Qwen/Qwen2.5-1.5B-Instruct,100,alpaca,100,17,0.0006530970179786285,0.0006642461133499941
Qwen/Qwen2.5-1.5B-Instruct,100,alpaca,100,18,0.0006533508033802112,0.0006657817090551058
Qwen/Qwen2.5-1.5B-Instruct,100,alpaca,100,19,0.000653714407235384,0.0006679799407720566
Qwen/Qwen2.5-1.5B-Instruct,100,alpaca,100,20,0.0006545173625151316,0.0006727461392680804
Qwen/Qwen2.5-1.5B-Instruct,100,alpaca,100,21,0.0006555103852103154,0.0006786482408642769
Qwen/Qwen2.5-1.5B-Instruct,100,alpaca,100,22,0.0006572640656183163,0.0006888878997415304
Qwen/Qwen2.5-1.5B-Instruct,100,alpaca,100,23,0.0006597315271695455,0.0007030162184188763
Qwen/Qwen2.5-1.5B-Instruct,100,alpaca,100,24,0.0006627214606851339,0.0007201884873211384
Qwen/Qwen2.5-1.5B-Instruct,100,alpaca,100,25,0.0006668614223599434,0.0007441204506903887
Qwen/Qwen2.5-1.5B-Instruct,100,alpaca,100,26,0.0006704981594036022,0.0007649553008377552
Qwen/Qwen2.5-1.5B-Instruct,100,alpaca,100,27,0.038618579506874084,0.18065005540847778
Qwen/Qwen2.5-1.5B-Instruct,100,alpaca,100,28,0.01274180660645167,0.07135515411694844
Qwen/Qwen2.5-0.5B-Instruct,10,alpaca,100,1,0.008394276989357812,0.009715597544397627
Qwen/Qwen2.5-0.5B-Instruct,10,alpaca,100,2,0.00857442883508546,0.009844877890178136
Qwen/Qwen2.5-0.5B-Instruct,10,alpaca,100,3,0.0011178616966520036,0.001125270766871316
Qwen/Qwen2.5-0.5B-Instruct,10,alpaca,100,4,0.0011166049433606012,0.0011191380077174731
Qwen/Qwen2.5-0.5B-Instruct,10,alpaca,100,5,0.0011167458391615323,0.0011198643062795912
Qwen/Qwen2.5-0.5B-Instruct,10,alpaca,100,6,0.0011167828259723528,0.0011200443176286562
Qwen/Qwen2.5-0.5B-Instruct,10,alpaca,100,7,0.0011168174179536955,0.0011202349726642882
Qwen/Qwen2.5-0.5B-Instruct,10,alpaca,100,8,0.0011168679754648889,0.001120490554187979
Qwen/Qwen2.5-0.5B-Instruct,10,alpaca,100,9,0.001116917867745672,0.0011207469339881624
Qwen/Qwen2.5-0.5B-Instruct,10,alpaca,100,10,0.0011169402194874628,0.0011208630832178251
Qwen/Qwen2.5-0.5B-Instruct,10,alpaca,100,11,0.0011169579146163805,0.0011209563485213689
Qwen/Qwen2.5-0.5B-Instruct,10,alpaca,100,12,0.0011169822620494024,0.0011210812787924493
Qwen/Qwen2.5-0.5B-Instruct,10,alpaca,100,13,0.0011170007554548128,0.0011211690892066275
Qwen/Qwen2.5-0.5B-Instruct,10,alpaca,100,14,0.0011170687420027597,0.0011215007730892726
Qwen/Qwen2.5-0.5B-Instruct,10,alpaca,100,15,0.0011171558871865273,0.0011219269196902002
Qwen/Qwen2.5-0.5B-Instruct,10,alpaca,100,16,0.0011173660999962262,0.001122947782278061
Qwen/Qwen2.5-0.5B-Instruct,10,alpaca,100,17,0.0011179698631167412,0.0011258088052272797
Qwen/Qwen2.5-0.5B-Instruct,10,alpaca,100,18,0.001118550742311137,0.0011284769113574708
Qwen/Qwen2.5-0.5B-Instruct,10,alpaca,100,19,0.001119101420044899,0.0011309514354382242
Qwen/Qwen2.5-0.5B-Instruct,10,alpaca,100,20,0.0011203991515295847,0.001136607224387782
Qwen/Qwen2.5-0.5B-Instruct,10,alpaca,100,21,0.0011220164597034454,0.0011433716863393784
Qwen/Qwen2.5-0.5B-Instruct,10,alpaca,100,22,0.006974636976208005,0.009132826966898782
Qwen/Qwen2.5-0.5B-Instruct,10,alpaca,100,23,0.005845610584531512,0.008341264511857713
Qwen/Qwen2.5-0.5B-Instruct,10,alpaca,100,24,0.0069436441574777874,0.008885917919022697
Qwen/Qwen2.5-0.5B-Instruct,20,alpaca,100,1,0.016445489866392955,0.020608767867088318
Qwen/Qwen2.5-0.5B-Instruct,20,alpaca,100,2,0.01646303598369871,0.020943166954176768
Qwen/Qwen2.5-0.5B-Instruct,20,alpaca,100,3,0.0011199551767536572,0.0011362349614501
Qwen/Qwen2.5-0.5B-Instruct,20,alpaca,100,4,0.0011172736329691751,0.0011230132409504481
Qwen/Qwen2.5-0.5B-Instruct,20,alpaca,100,5,0.0011175479739904404,0.0011244348383375577
Qwen/Qwen2.5-0.5B-Instruct,20,alpaca,100,6,0.001117596003626074,0.0011246559609259879
Qwen/Qwen2.5-0.5B-Instruct,20,alpaca,100,7,0.0011177265218326024,0.001125350727566651
Qwen/Qwen2.5-0.5B-Instruct,20,alpaca,100,8,0.0011178614305598395,0.0011260433654700006
Qwen/Qwen2.5-0.5B-Instruct,20,alpaca,100,9,0.001117987691291741,0.0011266942269035748
Qwen/Qwen2.5-0.5B-Instruct,20,alpaca,100,10,0.001118047029844352,0.0011270055547356606
Qwen/Qwen2.5-0.5B-Instruct,20,alpaca,100,11,0.0011181204712816647,0.001127372229737895
Qwen/Qwen2.5-0.5B-Instruct,20,alpaca,100,12,0.0011181873934609549,0.0011277126946619578
Qwen/Qwen2.5-0.5B-Instruct,20,alpaca,100,13,0.001118268950709275,0.0011281095711248262
Qwen/Qwen2.5-0.5B-Instruct,20,alpaca,100,14,0.00111845534827028,0.0011290152158055986
Qwen/Qwen2.5-0.5B-Instruct,20,alpaca,100,15,0.0011185576607074057,0.0011295057567102568
Qwen/Qwen2.5-0.5B-Instruct,20,alpaca,100,16,0.001119086385837623,0.001132087249841009
Qwen/Qwen2.5-0.5B-Instruct,20,alpaca,100,17,0.0011203682848385402,0.0011381739750504494
Qwen/Qwen2.5-0.5B-Instruct,20,alpaca,100,18,0.0011215780728629657,0.0011438392102718353
Qwen/Qwen2.5-0.5B-Instruct,20,alpaca,100,19,0.001122905739716121,0.0011499099699514253
Qwen/Qwen2.5-0.5B-Instruct,20,alpaca,100,20,0.0011257549215640341,0.0011625392362475395
Qwen/Qwen2.5-0.5B-Instruct,20,alpaca,100,21,0.00112941674888134,0.001178270604993616
Qwen/Qwen2.5-0.5B-Instruct,20,alpaca,100,22,0.015551410615444183,0.02154283012662615
Qwen/Qwen2.5-0.5B-Instruct,20,alpaca,100,23,0.013490380985396249,0.02013612219265529
Qwen/Qwen2.5-0.5B-Instruct,20,alpaca,100,24,0.01295663629259382,0.018652030399867466
Qwen/Qwen2.5-0.5B-Instruct,30,alpaca,100,1,0.024596276027815684,0.046559150729860575
Qwen/Qwen2.5-0.5B-Instruct,30,alpaca,100,2,0.024830207228660583,0.04790845513343811
Qwen/Qwen2.5-0.5B-Instruct,30,alpaca,100,3,0.0011222145653196744,0.001149417832493782
Qwen/Qwen2.5-0.5B-Instruct,30,alpaca,100,4,0.0011179745197296143,0.0011274540530783789
Qwen/Qwen2.5-0.5B-Instruct,30,alpaca,100,5,0.001118399335869721,0.0011297352612018585
Qwen/Qwen2.5-0.5B-Instruct,30,alpaca,100,6,0.0011184691850628173,0.0011300790522779738
Qwen/Qwen2.5-0.5B-Instruct,30,alpaca,100,7,0.0011187151872685977,0.0011313962084906442
Qwen/Qwen2.5-0.5B-Instruct,30,alpaca,100,8,0.0011189208765115058,0.0011324788044605935
Qwen/Qwen2.5-0.5B-Instruct,30,alpaca,100,9,0.001119143861745085,0.0011336372366973332
Qwen/Qwen2.5-0.5B-Instruct,30,alpaca,100,10,0.0011192518951637404,0.001134186051785946
Qwen/Qwen2.5-0.5B-Instruct,30,alpaca,100,11,0.0011193945205637387,0.0011348921273435866
Qwen/Qwen2.5-0.5B-Instruct,30,alpaca,100,12,0.001119455588715417,0.0011351997298853739
Qwen/Qwen2.5-0.5B-Instruct,30,alpaca,100,13,0.0011196499690413475,0.0011361454214368547
Qwen/Qwen2.5-0.5B-Instruct,30,alpaca,100,14,0.0011199208508644784,0.0011375114055616514
Qwen/Qwen2.5-0.5B-Instruct,30,alpaca,100,15,0.0011201892048120499,0.001138885904635702
Qwen/Qwen2.5-0.5B-Instruct,30,alpaca,100,16,0.0011210244681153978,0.0011430857703089714
Qwen/Qwen2.5-0.5B-Instruct,30,alpaca,100,17,0.0011230854849730218,0.0011534603046519415
Qwen/Qwen2.5-0.5B-Instruct,30,alpaca,100,18,0.0011250099965504237,0.0011629463572587287
Qwen/Qwen2.5-0.5B-Instruct,30,alpaca,100,19,0.0011271098628640175,0.0011730375034468515
Qwen/Qwen2.5-0.5B-Instruct,30,alpaca,100,20,0.0011315654431070601,0.0011938781078372682
Qwen/Qwen2.5-0.5B-Instruct,30,alpaca,100,21,0.0011378784797021321,0.0012231068685650826
Qwen/Qwen2.5-0.5B-Instruct,30,alpaca,100,22,0.023941318903650557,0.04907982689993722
Qwen/Qwen2.5-0.5B-Instruct,30,alpaca,100,23,0.02162845858505794,0.04576711995261056
Qwen/Qwen2.5-0.5B-Instruct,30,alpaca,100,24,0.011797705931322915,0.027934087174279348
Qwen/Qwen2.5-0.5B-Instruct,40,alpaca,100,1,0.034874839442116876,0.08072017771857125
Qwen/Qwen2.5-0.5B-Instruct,40,alpaca,100,2,0.03459203030381884,0.08443274668284825
Qwen/Qwen2.5-0.5B-Instruct,40,alpaca,100,3,0.0011246627462761743,0.0011640709957906178
Qwen/Qwen2.5-0.5B-Instruct,40,alpaca,100,4,0.0011186585096376283,0.0011319313198328018
Qwen/Qwen2.5-0.5B-Instruct,40,alpaca,100,5,0.001119233002620084,0.0011351097907338823
Qwen/Qwen2.5-0.5B-Instruct,40,alpaca,100,6,0.0011193699070385524,0.0011358186602592468
Qwen/Qwen2.5-0.5B-Instruct,40,alpaca,100,7,0.0011197227452482497,0.0011377261419381415
Qwen/Qwen2.5-0.5B-Instruct,40,alpaca,100,8,0.0011200282190527236,0.0011393524972455843
Qwen/Qwen2.5-0.5B-Instruct,40,alpaca,100,9,0.001120348327926227,0.0011410443112254143
Qwen/Qwen2.5-0.5B-Instruct,40,alpaca,100,10,0.001120531532381262,0.001141979092998164
Qwen/Qwen2.5-0.5B-Instruct,40,alpaca,100,11,0.0011207284405827522,0.0011429359604205405
Qwen/Qwen2.5-0.5B-Instruct,40,alpaca,100,12,0.0011208197101950645,0.0011433996260166168
Qwen/Qwen2.5-0.5B-Instruct,40,alpaca,100,13,0.0011211259822760309,0.001144903845020703
Qwen/Qwen2.5-0.5B-Instruct,40,alpaca,100,14,0.0011215067601629666,0.0011468856994594847
Qwen/Qwen2.5-0.5B-Instruct,40,alpaca,100,15,0.0011220523821456091,0.0011497787865144865
Qwen/Qwen2.5-0.5B-Instruct,40,alpaca,100,16,0.001123330821948392,0.0011563971638679504
Qwen/Qwen2.5-0.5B-Instruct,40,alpaca,100,17,0.0011263604142836162,0.0011722547933459282
Qwen/Qwen2.5-0.5B-Instruct,40,alpaca,100,18,0.0011291394808462688,0.0011865431442856789
Qwen/Qwen2.5-0.5B-Instruct,40,alpaca,100,19,0.0011322459738169397,0.0012022761095847403
Qwen/Qwen2.5-0.5B-Instruct,40,alpaca,100,20,0.001138790776687009,0.0012343152027044977
Qwen/Qwen2.5-0.5B-Instruct,40,alpaca,100,21,0.001148730649479798,0.0012835733858602388
Qwen/Qwen2.5-0.5B-Instruct,40,alpaca,100,22,0.03607892564364842,0.0954703858920506
Qwen/Qwen2.5-0.5B-Instruct,40,alpaca,100,23,0.03433073205607278,0.0930856806891305
Qwen/Qwen2.5-0.5B-Instruct,40,alpaca,100,24,0.012940495141914912,0.042120209762028286
Qwen/Qwen2.5-0.5B-Instruct,50,alpaca,100,1,0.04596183981214251,0.11605290004185267
Qwen/Qwen2.5-0.5B-Instruct,50,alpaca,100,2,0.045005981411252706,0.1229884113584246
Qwen/Qwen2.5-0.5B-Instruct,50,alpaca,100,3,0.0011270477303436824,0.00117842826460089
Qwen/Qwen2.5-0.5B-Instruct,50,alpaca,100,4,0.0011193486196654184,0.001136436260172299
Qwen/Qwen2.5-0.5B-Instruct,50,alpaca,100,5,0.0011201021926743643,0.0011406693873660906
Qwen/Qwen2.5-0.5B-Instruct,50,alpaca,100,6,0.0011203364868249213,0.0011419043211000307
Qwen/Qwen2.5-0.5B-Instruct,50,alpaca,100,7,0.0011208111952458108,0.001144489539521081
Qwen/Qwen2.5-0.5B-Instruct,50,alpaca,100,8,0.0011212117969989777,0.0011466282552906445
Qwen/Qwen2.5-0.5B-Instruct,50,alpaca,100,9,0.001121639141014644,0.0011489099955984525
Qwen/Qwen2.5-0.5B-Instruct,50,alpaca,100,10,0.0011218694437827384,0.0011500464752316475
Qwen/Qwen2.5-0.5B-Instruct,50,alpaca,100,11,0.0011221403256058693,0.001151398622563907
Qwen/Qwen2.5-0.5B-Instruct,50,alpaca,100,12,0.0011222588696650096,0.001151984158371176
Qwen/Qwen2.5-0.5B-Instruct,50,alpaca,100,13,0.0011226867458650044,0.0011541011876293591
Qwen/Qwen2.5-0.5B-Instruct,50,alpaca,100,14,0.0011231984410967147,0.0011568124006901468
Qwen/Qwen2.5-0.5B-Instruct,50,alpaca,100,15,0.0011241139311875617,0.0011617445519992284
Qwen/Qwen2.5-0.5B-Instruct,50,alpaca,100,16,0.0011258724012545177,0.001171007486326354
Qwen/Qwen2.5-0.5B-Instruct,50,alpaca,100,17,0.001129988847034318,0.0011930368574602263
Qwen/Qwen2.5-0.5B-Instruct,50,alpaca,100,18,0.001133726111480168,0.0012127566816551344
Qwen/Qwen2.5-0.5B-Instruct,50,alpaca,100,19,0.0011379637622407504,0.0012349615405712808
Qwen/Qwen2.5-0.5B-Instruct,50,alpaca,100,20,0.0011469930676477297,0.0012804364253367697
Qwen/Qwen2.5-0.5B-Instruct,50,alpaca,100,21,0.0011614486575126648,0.0013550213937248503
Qwen/Qwen2.5-0.5B-Instruct,50,alpaca,100,22,0.04895636013575962,0.1446795633860997
Qwen/Qwen2.5-0.5B-Instruct,50,alpaca,100,23,0.047932982444763184,0.14425831181662424
Qwen/Qwen2.5-0.5B-Instruct,50,alpaca,100,24,0.015091982270990099,0.05680401410375323
Qwen/Qwen2.5-0.5B-Instruct,60,alpaca,100,1,0.056594827345439365,0.14746340683528356
Qwen/Qwen2.5-0.5B-Instruct,60,alpaca,100,2,0.05490376268114362,0.1572208915437971
Qwen/Qwen2.5-0.5B-Instruct,60,alpaca,100,3,0.001129447083388056,0.0011927191434162004
Qwen/Qwen2.5-0.5B-Instruct,60,alpaca,100,4,0.001120039794061865,0.0011408851881112372
Qwen/Qwen2.5-0.5B-Instruct,60,alpaca,100,5,0.0011209776358945029,0.0011462030400122916
Qwen/Qwen2.5-0.5B-Instruct,60,alpaca,100,6,0.0011213216930627823,0.0011480370802538736
Qwen/Qwen2.5-0.5B-Instruct,60,alpaca,100,7,0.0011219238596303122,0.001151331833430699
Qwen/Qwen2.5-0.5B-Instruct,60,alpaca,100,8,0.0011224295677883284,0.0011540225573948451
Qwen/Qwen2.5-0.5B-Instruct,60,alpaca,100,9,0.0011229577607342175,0.0011568495205470494
Qwen/Qwen2.5-0.5B-Instruct,60,alpaca,100,10,0.0011232254494513785,0.0011581327500087874
Qwen/Qwen2.5-0.5B-Instruct,60,alpaca,100,11,0.001123574296278613,0.0011599018637623107
Qwen/Qwen2.5-0.5B-Instruct,60,alpaca,100,12,0.0011237191834620067,0.0011605963643108095
Qwen/Qwen2.5-0.5B-Instruct,60,alpaca,100,13,0.0011242665350437164,0.001163302787712642
Qwen/Qwen2.5-0.5B-Instruct,60,alpaca,100,14,0.0011248958430119923,0.0011666522228292056
Qwen/Qwen2.5-0.5B-Instruct,60,alpaca,100,15,0.0011262128661785806,0.0011737801666770662
Qwen/Qwen2.5-0.5B-Instruct,60,alpaca,100,16,0.0011284835636615753,0.0011858362704515457
Qwen/Qwen2.5-0.5B-Instruct,60,alpaca,100,17,0.001133715600839683,0.0012141657727105276
Qwen/Qwen2.5-0.5B-Instruct,60,alpaca,100,18,0.0011384787836245128,0.0012396878695913724
Qwen/Qwen2.5-0.5B-Instruct,60,alpaca,100,19,0.0011438880381839617,0.0012686800743852342
Qwen/Qwen2.5-0.5B-Instruct,60,alpaca,100,20,0.001155652105808258,0.0013291464586343085
Qwen/Qwen2.5-0.5B-Instruct,60,alpaca,100,21,0.0011751830045666014,0.0014329164155891963
Qwen/Qwen2.5-0.5B-Instruct,60,alpaca,100,22,0.06018983466284616,0.1862055574144636
Qwen/Qwen2.5-0.5B-Instruct,60,alpaca,100,23,0.06089593682970319,0.18994695799691336
Qwen/Qwen2.5-0.5B-Instruct,60,alpaca,100,24,0.01751670560666493,0.07110207421439034
Qwen/Qwen2.5-0.5B-Instruct,70,alpaca,100,1,0.0663810202053615,0.17354512214660645
Qwen/Qwen2.5-0.5B-Instruct,70,alpaca,100,2,0.06410096372876849,0.18588149547576904
Qwen/Qwen2.5-0.5B-Instruct,70,alpaca,100,3,0.0011318282091191836,0.0012067694749150956
Qwen/Qwen2.5-0.5B-Instruct,70,alpaca,100,4,0.0011207212560943194,0.0011452222242951393
Qwen/Qwen2.5-0.5B-Instruct,70,alpaca,100,5,0.0011218501521008356,0.0011516476848295756
Qwen/Qwen2.5-0.5B-Instruct,70,alpaca,100,6,0.0011223098263144493,0.0011541128956845828
Qwen/Qwen2.5-0.5B-Instruct,70,alpaca,100,7,0.001123035459646157,0.0011580766045621463
Qwen/Qwen2.5-0.5B-Instruct,70,alpaca,100,8,0.0011236492012228285,0.0011613419545548303
Qwen/Qwen2.5-0.5B-Instruct,70,alpaca,100,9,0.0011242642732603209,0.0011646375060081482
Qwen/Qwen2.5-0.5B-Instruct,70,alpaca,100,10,0.0011245802577052797,0.0011661300169570105
Qwen/Qwen2.5-0.5B-Instruct,70,alpaca,100,11,0.0011250190436840057,0.0011683856802327292
Qwen/Qwen2.5-0.5B-Instruct,70,alpaca,100,12,0.0011251914714063918,0.0011691907420754433
Qwen/Qwen2.5-0.5B-Instruct,70,alpaca,100,13,0.0011258465903145926,0.0011724262897457396
Qwen/Qwen2.5-0.5B-Instruct,70,alpaca,100,14,0.001126588854406561,0.0011763757626925195
Qwen/Qwen2.5-0.5B-Instruct,70,alpaca,100,15,0.0011283368138330324,0.0011858406609722546
Qwen/Qwen2.5-0.5B-Instruct,70,alpaca,100,16,0.0011311036401561328,0.001200591347047261
Qwen/Qwen2.5-0.5B-Instruct,70,alpaca,100,17,0.0011374525991933687,0.001235232688486576
Qwen/Qwen2.5-0.5B-Instruct,70,alpaca,100,18,0.0011432587302156857,0.001266686911029475
Qwen/Qwen2.5-0.5B-Instruct,70,alpaca,100,19,0.0011499163561633655,0.0013029749638267926
Qwen/Qwen2.5-0.5B-Instruct,70,alpaca,100,20,0.0011643547830837114,0.0013784500105040415
Qwen/Qwen2.5-0.5B-Instruct,70,alpaca,100,21,0.0011891084057944162,0.0015133133690272058
Qwen/Qwen2.5-0.5B-Instruct,70,alpaca,100,22,0.06975342120443072,0.21964924676077707
Qwen/Qwen2.5-0.5B-Instruct,70,alpaca,100,23,0.07251219238553729,0.2278243132999965
Qwen/Qwen2.5-0.5B-Instruct,70,alpaca,100,24,0.020269291741507395,0.08547307763780866
Qwen/Qwen2.5-0.5B-Instruct,80,alpaca,100,1,0.07436780418668475,0.19352068219866073
Qwen/Qwen2.5-0.5B-Instruct,80,alpaca,100,2,0.07148087876183647,0.20769986084529332
Qwen/Qwen2.5-0.5B-Instruct,80,alpaca,100,3,0.001134205875652177,0.001220591100198882
Qwen/Qwen2.5-0.5B-Instruct,80,alpaca,100,4,0.001121396997145244,0.0011494396520512445
Qwen/Qwen2.5-0.5B-Instruct,80,alpaca,100,5,0.0011227047070860863,0.0011569038033485413
Qwen/Qwen2.5-0.5B-Instruct,80,alpaca,100,6,0.0011232690885663033,0.0011599377862044743
Qwen/Qwen2.5-0.5B-Instruct,80,alpaca,100,7,0.001124129630625248,0.0011646247335842677
Qwen/Qwen2.5-0.5B-Instruct,80,alpaca,100,8,0.0011248526030353137,0.0011684616495456015
Qwen/Qwen2.5-0.5B-Instruct,80,alpaca,100,9,0.0011255592107772827,0.001172251600239958
Qwen/Qwen2.5-0.5B-Instruct,80,alpaca,100,10,0.00112591524209295,0.0011739206633397511
Qwen/Qwen2.5-0.5B-Instruct,80,alpaca,100,11,0.0011264242764030183,0.0011765587010553905
Qwen/Qwen2.5-0.5B-Instruct,80,alpaca,100,12,0.0011266211846045085,0.0011774543672800064
Qwen/Qwen2.5-0.5B-Instruct,80,alpaca,100,13,0.0011273901909589767,0.0011812715924211911
Qwen/Qwen2.5-0.5B-Instruct,80,alpaca,100,14,0.0011282525956630707,0.0011858628796679632
Qwen/Qwen2.5-0.5B-Instruct,80,alpaca,100,15,0.0011304171223725592,0.0011975837073155812
Qwen/Qwen2.5-0.5B-Instruct,80,alpaca,100,16,0.0011336800775357655,0.0012150209929261888
Qwen/Qwen2.5-0.5B-Instruct,80,alpaca,100,17,0.001141117885708809,0.0012557945613350188
Qwen/Qwen2.5-0.5B-Instruct,80,alpaca,100,18,0.001147907360323838,0.001292829534837178
Qwen/Qwen2.5-0.5B-Instruct,80,alpaca,100,19,0.0011557073199323245,0.0013358788564801216
Qwen/Qwen2.5-0.5B-Instruct,80,alpaca,100,20,0.0011727934969323023,0.0014263674882905824
Qwen/Qwen2.5-0.5B-Instruct,80,alpaca,100,21,0.0012026225615824973,0.0015921165634478842
Qwen/Qwen2.5-0.5B-Instruct,80,alpaca,100,22,0.0783520085471017,0.24404409953526088
Qwen/Qwen2.5-0.5B-Instruct,80,alpaca,100,23,0.08224164588110787,0.25505915709904264
Qwen/Qwen2.5-0.5B-Instruct,80,alpaca,100,24,0.022182796682630266,0.0952221155166626
Qwen/Qwen2.5-0.5B-Instruct,90,alpaca,100,1,0.08117664711815971,0.21004157406943186
Qwen/Qwen2.5-0.5B-Instruct,90,alpaca,100,2,0.07752035345349993,0.2250582150050572
Qwen/Qwen2.5-0.5B-Instruct,90,alpaca,100,3,0.0011365397700241634,0.001234053900199277
Qwen/Qwen2.5-0.5B-Instruct,90,alpaca,100,4,0.0011220589014036314,0.0011535330808588437
Qwen/Qwen2.5-0.5B-Instruct,90,alpaca,100,5,0.001123538107744285,0.001161980176610606
Qwen/Qwen2.5-0.5B-Instruct,90,alpaca,100,6,0.00112420559993812,0.0011655591162187712
Qwen/Qwen2.5-0.5B-Instruct,90,alpaca,100,7,0.0011251894757151604,0.001170895860663482
Qwen/Qwen2.5-0.5B-Instruct,90,alpaca,100,8,0.001126019550221307,0.0011752857161419733
Qwen/Qwen2.5-0.5B-Instruct,90,alpaca,100,9,0.0011268074491194316,0.0011795233669025557
Qwen/Qwen2.5-0.5B-Instruct,90,alpaca,100,10,0.0011272041925362178,0.0011813594028353691
Qwen/Qwen2.5-0.5B-Instruct,90,alpaca,100,11,0.001127794518002442,0.001184453389474324
Qwen/Qwen2.5-0.5B-Instruct,90,alpaca,100,12,0.0011280133788074767,0.0011854323425463267
Qwen/Qwen2.5-0.5B-Instruct,90,alpaca,100,13,0.0011288964056542941,0.0011898188718727656
Qwen/Qwen2.5-0.5B-Instruct,90,alpaca,100,14,0.0011298786848783493,0.0011950374713965825
Qwen/Qwen2.5-0.5B-Instruct,90,alpaca,100,15,0.0011324541909354074,0.0012089727180344717
Qwen/Qwen2.5-0.5B-Instruct,90,alpaca,100,16,0.0011362229873027121,0.0012291260063648224
Qwen/Qwen2.5-0.5B-Instruct,90,alpaca,100,17,0.001144719576197011,0.0012758410136614526
Qwen/Qwen2.5-0.5B-Instruct,90,alpaca,100,18,0.0011524967849254608,0.0013185107548321997
Qwen/Qwen2.5-0.5B-Instruct,90,alpaca,100,19,0.001161483914724418,0.001368627484355654
Qwen/Qwen2.5-0.5B-Instruct,90,alpaca,100,20,0.0011812069320252963,0.0014743662572332791
Qwen/Qwen2.5-0.5B-Instruct,90,alpaca,100,21,0.0012160858937672206,0.0016716489834444864
Qwen/Qwen2.5-0.5B-Instruct,90,alpaca,100,22,0.08583050966262817,0.2625694956098284
Qwen/Qwen2.5-0.5B-Instruct,90,alpaca,100,23,0.0906998600278582,0.2759830951690674
Qwen/Qwen2.5-0.5B-Instruct,90,alpaca,100,24,0.02411355291094099,0.10402647086552211
Qwen/Qwen2.5-0.5B-Instruct,100,alpaca,100,1,0.08657856498445783,0.22336815084729875
Qwen/Qwen2.5-0.5B-Instruct,100,alpaca,100,2,0.08234914711543492,0.23912617138453893
Qwen/Qwen2.5-0.5B-Instruct,100,alpaca,100,3,0.0011388976126909256,0.0012475723134619848
Qwen/Qwen2.5-0.5B-Instruct,100,alpaca,100,4,0.0011227230674454144,0.001157601097864764
Qwen/Qwen2.5-0.5B-Instruct,100,alpaca,100,5,0.001124371774494648,0.0011670154386333057
Qwen/Qwen2.5-0.5B-Instruct,100,alpaca,100,6,0.0011251487636140414,0.0011711813775556429
Qwen/Qwen2.5-0.5B-Instruct,100,alpaca,100,7,0.0011262519817267145,0.0011771378506507193
Qwen/Qwen2.5-0.5B-Instruct,100,alpaca,100,8,0.0011271896905132703,0.0011820708002362932
Qwen/Qwen2.5-0.5B-Instruct,100,alpaca,100,9,0.0011280583483832224,0.0011867487004825047
Qwen/Qwen2.5-0.5B-Instruct,100,alpaca,100,10,0.0011285011257444108,0.0011887878977826663
Qwen/Qwen2.5-0.5B-Instruct,100,alpaca,100,11,0.0011291824547307833,0.0011923866612570627
Qwen/Qwen2.5-0.5B-Instruct,100,alpaca,100,12,0.001129427525613989,0.0011934699224574225
Qwen/Qwen2.5-0.5B-Instruct,100,alpaca,100,13,0.0011304181867412158,0.0011983789237482207
Qwen/Qwen2.5-0.5B-Instruct,100,alpaca,100,14,0.0011315188769783293,0.0012042237711804254
Qwen/Qwen2.5-0.5B-Instruct,100,alpaca,100,15,0.001134510152041912,0.001220395788550377
Qwen/Qwen2.5-0.5B-Instruct,100,alpaca,100,16,0.001138774145926748,0.0012432106637528964
Qwen/Qwen2.5-0.5B-Instruct,100,alpaca,100,17,0.0011483597170029367,0.0012960696060742652
Qwen/Qwen2.5-0.5B-Instruct,100,alpaca,100,18,0.0011571519342916353,0.0013445806024330004
Qwen/Qwen2.5-0.5B-Instruct,100,alpaca,100,19,0.0011673646845987865,0.0014020542481115886
Qwen/Qwen2.5-0.5B-Instruct,100,alpaca,100,20,0.0011897307953664235,0.001523486604647977
Qwen/Qwen2.5-0.5B-Instruct,100,alpaca,100,21,0.0012297750051532472,0.0017542032791035517
Qwen/Qwen2.5-0.5B-Instruct,100,alpaca,100,22,0.09279710054397583,0.27877957480294363
Qwen/Qwen2.5-0.5B-Instruct,100,alpaca,100,23,0.09895644869123187,0.2948156084333147
Qwen/Qwen2.5-0.5B-Instruct,100,alpaca,100,24,0.026309996843338013,0.11336708068847656
Qwen/Qwen2.5-3B-Instruct,10,alpaca,100,1,0.007708427429199219,0.008906657218933106
Qwen/Qwen2.5-3B-Instruct,10,alpaca,100,2,0.001419607162475586,0.0022038707733154296
Qwen/Qwen2.5-3B-Instruct,10,alpaca,100,3,0.0010006074905395507,0.0010034136772155762
Qwen/Qwen2.5-3B-Instruct,10,alpaca,100,4,0.0010005935430526733,0.0010033453702926636
Qwen/Qwen2.5-3B-Instruct,10,alpaca,100,5,0.001000679612159729,0.0010037895441055299
Qwen/Qwen2.5-3B-Instruct,10,alpaca,100,6,0.0010008623600006104,0.0010046977996826171
Qwen/Qwen2.5-3B-Instruct,10,alpaca,100,7,0.001000972270965576,0.00100523841381073
Qwen/Qwen2.5-3B-Instruct,10,alpaca,100,8,0.0010013350248336793,0.0010069540739059447
Qwen/Qwen2.5-3B-Instruct,10,alpaca,100,9,0.0010016776323318482,0.0010085469484329224
Qwen/Qwen2.5-3B-Instruct,10,alpaca,100,10,0.0010018413066864014,0.001009340763092041
Qwen/Qwen2.5-3B-Instruct,10,alpaca,100,11,0.0010019601583480834,0.0010098873376846315
Qwen/Qwen2.5-3B-Instruct,10,alpaca,100,12,0.0010023525953292848,0.0010116451978683472
Qwen/Qwen2.5-3B-Instruct,10,alpaca,100,13,0.0010022907257080079,0.0010113487243652345
Qwen/Qwen2.5-3B-Instruct,10,alpaca,100,14,0.0010025343894958497,0.0010124430656433105
Qwen/Qwen2.5-3B-Instruct,10,alpaca,100,15,0.0010026741027832032,0.0010130594968795776
Qwen/Qwen2.5-3B-Instruct,10,alpaca,100,16,0.0010027689933776855,0.001013495445251465
Qwen/Qwen2.5-3B-Instruct,10,alpaca,100,17,0.0010027483701705933,0.0010134178400039674
Qwen/Qwen2.5-3B-Instruct,10,alpaca,100,18,0.0010028113126754762,0.0010136995315551758
Qwen/Qwen2.5-3B-Instruct,10,alpaca,100,19,0.0010029243230819701,0.0010141865015029906
Qwen/Qwen2.5-3B-Instruct,10,alpaca,100,20,0.0010030386447906494,0.0010146825313568115
Qwen/Qwen2.5-3B-Instruct,10,alpaca,100,21,0.001003109574317932,0.0010149930715560914
Qwen/Qwen2.5-3B-Instruct,10,alpaca,100,22,0.0010032309293746947,0.0010155270099639893
Qwen/Qwen2.5-3B-Instruct,10,alpaca,100,23,0.0010033189058303834,0.0010159342288970947
Qwen/Qwen2.5-3B-Instruct,10,alpaca,100,24,0.001003610372543335,0.0010171679258346557
Qwen/Qwen2.5-3B-Instruct,10,alpaca,100,25,0.0010038886070251464,0.0010183676481246948
Qwen/Qwen2.5-3B-Instruct,10,alpaca,100,26,0.0010042911767959594,0.0010200790166854858
Qwen/Qwen2.5-3B-Instruct,10,alpaca,100,27,0.0010050230026245118,0.0010231541395187378
Qwen/Qwen2.5-3B-Instruct,10,alpaca,100,28,0.001006534218788147,0.0010292625427246094
Qwen/Qwen2.5-3B-Instruct,10,alpaca,100,29,0.0010085302591323854,0.0010371911525726319
Qwen/Qwen2.5-3B-Instruct,10,alpaca,100,30,0.0010118387937545776,0.0010499767065048219
Qwen/Qwen2.5-3B-Instruct,10,alpaca,100,31,0.001599254846572876,0.002681335926055908
Qwen/Qwen2.5-3B-Instruct,10,alpaca,100,32,0.0018809815645217894,0.003331493139266968
Qwen/Qwen2.5-3B-Instruct,10,alpaca,100,33,0.002098285436630249,0.00377980375289917
Qwen/Qwen2.5-3B-Instruct,10,alpaca,100,34,0.0029693107604980467,0.005201656341552735
Qwen/Qwen2.5-3B-Instruct,10,alpaca,100,35,0.0047252697944641115,0.007107341289520263
Qwen/Qwen2.5-3B-Instruct,10,alpaca,100,36,0.007446310520172119,0.008993276596069336
Qwen/Qwen2.5-3B-Instruct,20,alpaca,100,1,0.007590885639190674,0.009679081916809083
Qwen/Qwen2.5-3B-Instruct,20,alpaca,100,2,0.0009907205700874328,0.002181658744812012
Qwen/Qwen2.5-3B-Instruct,20,alpaca,100,3,0.0005006653070449829,0.0005037632584571839
Qwen/Qwen2.5-3B-Instruct,20,alpaca,100,4,0.0005006483793258667,0.0005036816000938416
Qwen/Qwen2.5-3B-Instruct,20,alpaca,100,5,0.0005007691383361817,0.0005043134689331055
Qwen/Qwen2.5-3B-Instruct,20,alpaca,100,6,0.0005009121894836426,0.0005050310492515564
Qwen/Qwen2.5-3B-Instruct,20,alpaca,100,7,0.0005011181235313416,0.0005060601830482483
Qwen/Qwen2.5-3B-Instruct,20,alpaca,100,8,0.0005014160871505737,0.0005074964761734009
Qwen/Qwen2.5-3B-Instruct,20,alpaca,100,9,0.0005017947554588317,0.0005092976689338684
Qwen/Qwen2.5-3B-Instruct,20,alpaca,100,10,0.000502017855644226,0.0005103833675384521
Qwen/Qwen2.5-3B-Instruct,20,alpaca,100,11,0.0005021185874938965,0.0005108471512794495
Qwen/Qwen2.5-3B-Instruct,20,alpaca,100,12,0.0005026022791862488,0.0005130482316017151
Qwen/Qwen2.5-3B-Instruct,20,alpaca,100,13,0.0005025510191917419,0.0005127858519554139
Qwen/Qwen2.5-3B-Instruct,20,alpaca,100,14,0.0005028249025344849,0.0005140233635902404
Qwen/Qwen2.5-3B-Instruct,20,alpaca,100,15,0.0005029328465461731,0.0005145173668861389
Qwen/Qwen2.5-3B-Instruct,20,alpaca,100,16,0.0005030269026756286,0.0005149542093276977
Qwen/Qwen2.5-3B-Instruct,20,alpaca,100,17,0.0005030266046524048,0.0005149710774421692
Qwen/Qwen2.5-3B-Instruct,20,alpaca,100,18,0.0005030630230903625,0.0005151461362838746
Qwen/Qwen2.5-3B-Instruct,20,alpaca,100,19,0.0005032020807266235,0.0005157729387283325
Qwen/Qwen2.5-3B-Instruct,20,alpaca,100,20,0.0005033423304557801,0.0005164182782173157
Qwen/Qwen2.5-3B-Instruct,20,alpaca,100,21,0.0005033338665962219,0.000516363263130188
Qwen/Qwen2.5-3B-Instruct,20,alpaca,100,22,0.0005033961534500122,0.0005166457295417786
Qwen/Qwen2.5-3B-Instruct,20,alpaca,100,23,0.0005034945607185363,0.000517120599746704
Qwen/Qwen2.5-3B-Instruct,20,alpaca,100,24,0.0005038167834281921,0.0005185563564300538
Qwen/Qwen2.5-3B-Instruct,20,alpaca,100,25,0.0005042707920074463,0.0005205693244934082
Qwen/Qwen2.5-3B-Instruct,20,alpaca,100,26,0.0005046772360801697,0.0005224002599716187
Qwen/Qwen2.5-3B-Instruct,20,alpaca,100,27,0.0005055009126663208,0.0005260131359100342
Qwen/Qwen2.5-3B-Instruct,20,alpaca,100,28,0.0005071433782577514,0.0005329516530036926
Qwen/Qwen2.5-3B-Instruct,20,alpaca,100,29,0.0005092800855636596,0.0005418288111686707
Qwen/Qwen2.5-3B-Instruct,20,alpaca,100,30,0.0005129296183586121,0.0005568217635154724
Qwen/Qwen2.5-3B-Instruct,20,alpaca,100,31,0.0012252784967422485,0.003082162618637085
Qwen/Qwen2.5-3B-Instruct,20,alpaca,100,32,0.0016350246667861939,0.004266236305236816
Qwen/Qwen2.5-3B-Instruct,20,alpaca,100,33,0.001973744034767151,0.0050930347442626955
Qwen/Qwen2.5-3B-Instruct,20,alpaca,100,34,0.0032007386684417723,0.007206129550933838
Qwen/Qwen2.5-3B-Instruct,20,alpaca,100,35,0.005188475131988526,0.009237165451049805
Qwen/Qwen2.5-3B-Instruct,20,alpaca,100,36,0.006450715065002441,0.010229053497314454
Qwen/Qwen2.5-3B-Instruct,30,alpaca,100,1,0.011374958790838718,0.02205810509622097
Qwen/Qwen2.5-3B-Instruct,30,alpaca,100,2,0.0013306076871231198,0.004479011986404657
Qwen/Qwen2.5-3B-Instruct,30,alpaca,100,3,0.0004893231089226902,0.0004944204702042043
Qwen/Qwen2.5-3B-Instruct,30,alpaca,100,4,0.0004892995348200202,0.0004943077801726758
Qwen/Qwen2.5-3B-Instruct,30,alpaca,100,5,0.0004894929588772357,0.0004953698953613639
Qwen/Qwen2.5-3B-Instruct,30,alpaca,100,6,0.0004897259641438723,0.0004966084961779416
Qwen/Qwen2.5-3B-Instruct,30,alpaca,100,7,0.0004901025095023215,0.0004985869163647294
Qwen/Qwen2.5-3B-Instruct,30,alpaca,100,8,0.0004905267851427197,0.0005007486324757338
Qwen/Qwen2.5-3B-Instruct,30,alpaca,100,9,0.0004911261494271457,0.0005037491209805012
Qwen/Qwen2.5-3B-Instruct,30,alpaca,100,10,0.000491511425934732,0.0005057349917478859
Qwen/Qwen2.5-3B-Instruct,30,alpaca,100,11,0.0004916712059639394,0.0005065274890512228
Qwen/Qwen2.5-3B-Instruct,30,alpaca,100,12,0.0004923682427033782,0.0005097663961350918
Qwen/Qwen2.5-3B-Instruct,30,alpaca,100,13,0.0004923287779092789,0.0005094947991892695
Qwen/Qwen2.5-3B-Instruct,30,alpaca,100,14,0.0004927530535496771,0.0005114904488436878
Qwen/Qwen2.5-3B-Instruct,30,alpaca,100,15,0.0004928975249640644,0.0005121557042002678
Qwen/Qwen2.5-3B-Instruct,30,alpaca,100,16,0.0004930799477733672,0.0005130164790898561
Qwen/Qwen2.5-3B-Instruct,30,alpaca,100,17,0.0004931361763738096,0.0005132603691890836
Qwen/Qwen2.5-3B-Instruct,30,alpaca,100,18,0.0004931862349621952,0.0005134755047038198
Qwen/Qwen2.5-3B-Instruct,30,alpaca,100,19,0.0004934756434522569,0.0005147819756530225
Qwen/Qwen2.5-3B-Instruct,30,alpaca,100,20,0.0004936289042234421,0.0005155013059265912
Qwen/Qwen2.5-3B-Instruct,30,alpaca,100,21,0.0004936873447149992,0.0005157692939974368
Qwen/Qwen2.5-3B-Instruct,30,alpaca,100,22,0.0004938343190588057,0.0005164643516764045
Qwen/Qwen2.5-3B-Instruct,30,alpaca,100,23,0.0004939484060741961,0.0005170900840312243
Qwen/Qwen2.5-3B-Instruct,30,alpaca,100,24,0.0004944735555909574,0.0005195032572373748
Qwen/Qwen2.5-3B-Instruct,30,alpaca,100,25,0.0004953768220730126,0.0005236021243035793
Qwen/Qwen2.5-3B-Instruct,30,alpaca,100,26,0.0004960283986292779,0.0005267227534204721
Qwen/Qwen2.5-3B-Instruct,30,alpaca,100,27,0.0004973247996531427,0.0005327590042725205
Qwen/Qwen2.5-3B-Instruct,30,alpaca,100,28,0.000499892863444984,0.0005441411631181836
Qwen/Qwen2.5-3B-Instruct,30,alpaca,100,29,0.0005035590147599578,0.0005601674783974886
Qwen/Qwen2.5-3B-Instruct,30,alpaca,100,30,0.0005088188918307424,0.0005834130570292473
Qwen/Qwen2.5-3B-Instruct,30,alpaca,100,31,0.0015885279281064868,0.005730824079364538
Qwen/Qwen2.5-3B-Instruct,30,alpaca,100,32,0.0022528248373419046,0.008689921349287033
Qwen/Qwen2.5-3B-Instruct,30,alpaca,100,33,0.0028324523009359837,0.010871926322579384
Qwen/Qwen2.5-3B-Instruct,30,alpaca,100,34,0.0047203232534229755,0.015326081775128841
Qwen/Qwen2.5-3B-Instruct,30,alpaca,100,35,0.007007166743278503,0.01847687177360058
Qwen/Qwen2.5-3B-Instruct,30,alpaca,100,36,0.005730328615754843,0.014821074903011322
Qwen/Qwen2.5-3B-Instruct,40,alpaca,100,1,0.01610199175775051,0.03995053097605705
Qwen/Qwen2.5-3B-Instruct,40,alpaca,100,2,0.0017485445132479072,0.008293883875012398
Qwen/Qwen2.5-3B-Instruct,40,alpaca,100,3,0.0004897101898677647,0.0004969417932443321
Qwen/Qwen2.5-3B-Instruct,40,alpaca,100,4,0.000489689817186445,0.0004968594876118004
Qwen/Qwen2.5-3B-Instruct,40,alpaca,100,5,0.0004899695632047951,0.0004984601400792599
Qwen/Qwen2.5-3B-Instruct,40,alpaca,100,6,0.0004903045482933521,0.0005003155674785376
Qwen/Qwen2.5-3B-Instruct,40,alpaca,100,7,0.0004908471601083875,0.0005032833432778716
Qwen/Qwen2.5-3B-Instruct,40,alpaca,100,8,0.0004914191085845232,0.0005063454154878855
Qwen/Qwen2.5-3B-Instruct,40,alpaca,100,9,0.0004921989166177809,0.0005104499286971986
Qwen/Qwen2.5-3B-Instruct,40,alpaca,100,10,0.0004927516565658152,0.0005134294624440372
Qwen/Qwen2.5-3B-Instruct,40,alpaca,100,11,0.0004930128925479949,0.0005147843039594591
Qwen/Qwen2.5-3B-Instruct,40,alpaca,100,12,0.0004939070786349475,0.0005190828815102577
Qwen/Qwen2.5-3B-Instruct,40,alpaca,100,13,0.0004939201753586531,0.0005190214142203331
Qwen/Qwen2.5-3B-Instruct,40,alpaca,100,14,0.000494485953822732,0.0005217661964707077
Qwen/Qwen2.5-3B-Instruct,40,alpaca,100,15,0.0004947077250108123,0.0005227939109317958
Qwen/Qwen2.5-3B-Instruct,40,alpaca,100,16,0.0004949581925757229,0.0005239988677203655
Qwen/Qwen2.5-3B-Instruct,40,alpaca,100,17,0.0004950420698150992,0.0005243337363936007
Qwen/Qwen2.5-3B-Instruct,40,alpaca,100,18,0.0004951166920363903,0.0005246360669843853
Qwen/Qwen2.5-3B-Instruct,40,alpaca,100,19,0.0004955456242896616,0.0005265991203486919
Qwen/Qwen2.5-3B-Instruct,40,alpaca,100,20,0.0004957228084094822,0.0005274453433230519
Qwen/Qwen2.5-3B-Instruct,40,alpaca,100,21,0.0004958908539265394,0.0005281678750179708
Qwen/Qwen2.5-3B-Instruct,40,alpaca,100,22,0.000496142019983381,0.0005293780122883618
Qwen/Qwen2.5-3B-Instruct,40,alpaca,100,23,0.0004963355022482574,0.0005305096274241805
Qwen/Qwen2.5-3B-Instruct,40,alpaca,100,24,0.0004971039015799761,0.0005341875948943198
Qwen/Qwen2.5-3B-Instruct,40,alpaca,100,25,0.0004984652623534203,0.0005405715201050043
Qwen/Qwen2.5-3B-Instruct,40,alpaca,100,26,0.0004993707407265902,0.0005451221950352192
Qwen/Qwen2.5-3B-Instruct,40,alpaca,100,27,0.0005012195906601846,0.0005542922299355268
Qwen/Qwen2.5-3B-Instruct,40,alpaca,100,28,0.0005050445324741304,0.0005723244976252317
Qwen/Qwen2.5-3B-Instruct,40,alpaca,100,29,0.0005104701849631965,0.0005976592656224966
Qwen/Qwen2.5-3B-Instruct,40,alpaca,100,30,0.0005175808328203857,0.0006320649408735335
Qwen/Qwen2.5-3B-Instruct,40,alpaca,100,31,0.0017125275917351246,0.008230552077293396
Qwen/Qwen2.5-3B-Instruct,40,alpaca,100,32,0.0024992835242301226,0.013516019098460674
Qwen/Qwen2.5-3B-Instruct,40,alpaca,100,33,0.003238764125853777,0.017993854358792305
Qwen/Qwen2.5-3B-Instruct,40,alpaca,100,34,0.005131869576871395,0.02539273537695408
Qwen/Qwen2.5-3B-Instruct,40,alpaca,100,35,0.007906418293714523,0.031526125967502594
Qwen/Qwen2.5-3B-Instruct,40,alpaca,100,36,0.00568373640999198,0.021238207817077637
Qwen/Qwen2.5-3B-Instruct,50,alpaca,100,1,0.02144310250878334,0.060984719544649124
Qwen/Qwen2.5-3B-Instruct,50,alpaca,100,2,0.0022213498596102,0.01366516575217247
Qwen/Qwen2.5-3B-Instruct,50,alpaca,100,3,0.0004901106003671885,0.0004995658528059721
Qwen/Qwen2.5-3B-Instruct,50,alpaca,100,4,0.000490102160256356,0.0004995732451789081
Qwen/Qwen2.5-3B-Instruct,50,alpaca,100,5,0.0004904748639091849,0.0005017599323764443
Qwen/Qwen2.5-3B-Instruct,50,alpaca,100,6,0.0004909116541966796,0.0005042457487434149
Qwen/Qwen2.5-3B-Instruct,50,alpaca,100,7,0.0004916075267829001,0.0005081500858068466
Qwen/Qwen2.5-3B-Instruct,50,alpaca,100,8,0.0004923483938910067,0.0005122488364577293
Qwen/Qwen2.5-3B-Instruct,50,alpaca,100,9,0.0004933387972414494,0.0005176514969207346
Qwen/Qwen2.5-3B-Instruct,50,alpaca,100,10,0.0004940635990351439,0.0005216628196649253
Qwen/Qwen2.5-3B-Instruct,50,alpaca,100,11,0.0004944480024278164,0.0005237089353613555
Qwen/Qwen2.5-3B-Instruct,50,alpaca,100,12,0.0004955840995535254,0.0005293207941576838
Qwen/Qwen2.5-3B-Instruct,50,alpaca,100,13,0.0004957037162967026,0.0005297383759170771
Qwen/Qwen2.5-3B-Instruct,50,alpaca,100,14,0.0004964231629855931,0.0005333217559382319
Qwen/Qwen2.5-3B-Instruct,50,alpaca,100,15,0.0004967243876308203,0.0005347156547941267
Qwen/Qwen2.5-3B-Instruct,50,alpaca,100,16,0.0004970438894815743,0.0005362422671169043
Qwen/Qwen2.5-3B-Instruct,50,alpaca,100,17,0.0004971491289325058,0.0005366395926102996
Qwen/Qwen2.5-3B-Instruct,50,alpaca,100,18,0.0004972449969500303,0.0005370058352127671
Qwen/Qwen2.5-3B-Instruct,50,alpaca,100,19,0.0004978117649443448,0.0005396672640927136
Qwen/Qwen2.5-3B-Instruct,50,alpaca,100,20,0.0004980328376404941,0.0005407347343862057
Qwen/Qwen2.5-3B-Instruct,50,alpaca,100,21,0.0004982845857739449,0.0005417703650891781
Qwen/Qwen2.5-3B-Instruct,50,alpaca,100,22,0.0004986415733583272,0.000543527421541512
Qwen/Qwen2.5-3B-Instruct,50,alpaca,100,23,0.0004989043809473515,0.000545113580301404
Qwen/Qwen2.5-3B-Instruct,50,alpaca,100,24,0.0004999389639124274,0.0005501947016455233
Qwen/Qwen2.5-3B-Instruct,50,alpaca,100,25,0.0005018071387894452,0.000559218053240329
Qwen/Qwen2.5-3B-Instruct,50,alpaca,100,26,0.0005029488238506019,0.0005652403924614191
Qwen/Qwen2.5-3B-Instruct,50,alpaca,100,27,0.0005054298089817166,0.0005781512591056526
Qwen/Qwen2.5-3B-Instruct,50,alpaca,100,28,0.0005106686730869114,0.0006041113520041108
Qwen/Qwen2.5-3B-Instruct,50,alpaca,100,29,0.0005180820007808506,0.0006410052883438766
Qwen/Qwen2.5-3B-Instruct,50,alpaca,100,30,0.000527421070728451,0.000689937558490783
Qwen/Qwen2.5-3B-Instruct,50,alpaca,100,31,0.001071580103598535,0.004563096445053816
Qwen/Qwen2.5-3B-Instruct,50,alpaca,100,32,0.0014271698892116547,0.007936920039355755
Qwen/Qwen2.5-3B-Instruct,50,alpaca,100,33,0.0018029561033472419,0.011706973426043987
Qwen/Qwen2.5-3B-Instruct,50,alpaca,100,34,0.00243381317704916,0.017145227640867233
Qwen/Qwen2.5-3B-Instruct,50,alpaca,100,35,0.004136864095926285,0.026978597044944763
Qwen/Qwen2.5-3B-Instruct,50,alpaca,100,36,0.006277853157371283,0.028443193063139915
Qwen/Qwen2.5-3B-Instruct,60,alpaca,100,1,0.02674255520105362,0.08134195953607559
Qwen/Qwen2.5-3B-Instruct,60,alpaca,100,2,0.002744511002674699,0.020215393975377083
Qwen/Qwen2.5-3B-Instruct,60,alpaca,100,3,0.0004905102541670203,0.0005021651741117239
Qwen/Qwen2.5-3B-Instruct,60,alpaca,100,4,0.0004905113601125777,0.0005022410186938941
Qwen/Qwen2.5-3B-Instruct,60,alpaca,100,5,0.0004909787676297128,0.0005050156614743173
Qwen/Qwen2.5-3B-Instruct,60,alpaca,100,6,0.0004915269091725349,0.0005081992130726576
Qwen/Qwen2.5-3B-Instruct,60,alpaca,100,7,0.0004923822125419974,0.0005130823119543493
Qwen/Qwen2.5-3B-Instruct,60,alpaca,100,8,0.0004932867013849318,0.0005181763553991914
Qwen/Qwen2.5-3B-Instruct,60,alpaca,100,9,0.0004944865358993411,0.0005248844972811639
Qwen/Qwen2.5-3B-Instruct,60,alpaca,100,10,0.0004953696043230593,0.0005298623000271618
Qwen/Qwen2.5-3B-Instruct,60,alpaca,100,11,0.0004958833451382816,0.0005326414247974753
Qwen/Qwen2.5-3B-Instruct,60,alpaca,100,12,0.0004972589667886496,0.0005395676707848907
Qwen/Qwen2.5-3B-Instruct,60,alpaca,100,13,0.0004975252086296678,0.0005406886921264231
Qwen/Qwen2.5-3B-Instruct,60,alpaca,100,14,0.00049837667029351,0.0005449718446470797
Qwen/Qwen2.5-3B-Instruct,60,alpaca,100,15,0.0004987688735127449,0.0005467936280183494
Qwen/Qwen2.5-3B-Instruct,60,alpaca,100,16,0.0004991622408851981,0.0005486599984578788
Qwen/Qwen2.5-3B-Instruct,60,alpaca,100,17,0.0004992695176042616,0.0005490214098244905
Qwen/Qwen2.5-3B-Instruct,60,alpaca,100,18,0.0004993761540390551,0.0005493992939591408
Qwen/Qwen2.5-3B-Instruct,60,alpaca,100,19,0.0005000827950425446,0.0005527714965865016
Qwen/Qwen2.5-3B-Instruct,60,alpaca,100,20,0.0005003477563150227,0.0005540551501326263
Qwen/Qwen2.5-3B-Instruct,60,alpaca,100,21,0.0005006729043088853,0.000555368373170495
Qwen/Qwen2.5-3B-Instruct,60,alpaca,100,22,0.0005011363537050784,0.0005576948169618845
Qwen/Qwen2.5-3B-Instruct,60,alpaca,100,23,0.0005014794296585023,0.0005597937852144241
Qwen/Qwen2.5-3B-Instruct,60,alpaca,100,24,0.0005027726292610168,0.00056625617435202
Qwen/Qwen2.5-3B-Instruct,60,alpaca,100,25,0.0005051533225923777,0.000578056089580059
Qwen/Qwen2.5-3B-Instruct,60,alpaca,100,26,0.0005065553123131394,0.0005857161595486104
Qwen/Qwen2.5-3B-Instruct,60,alpaca,100,27,0.0005096818786114454,0.0006025395705364645
Qwen/Qwen2.5-3B-Instruct,60,alpaca,100,28,0.0005164060276001692,0.0006370905903168023
Qwen/Qwen2.5-3B-Instruct,60,alpaca,100,29,0.0005258838646113873,0.000686685205437243
Qwen/Qwen2.5-3B-Instruct,60,alpaca,100,30,0.0005375825567170978,0.0007520621875301003
Qwen/Qwen2.5-3B-Instruct,60,alpaca,100,31,0.0009043922182172537,0.0034674701746553183
Qwen/Qwen2.5-3B-Instruct,60,alpaca,100,32,0.0011533573269844055,0.006048896349966526
Qwen/Qwen2.5-3B-Instruct,60,alpaca,100,33,0.0014207317726686597,0.009183666668832302
Qwen/Qwen2.5-3B-Instruct,60,alpaca,100,34,0.0018102261237800121,0.013530843891203403
Qwen/Qwen2.5-3B-Instruct,60,alpaca,100,35,0.0029586872551590204,0.023495730012655258
Qwen/Qwen2.5-3B-Instruct,60,alpaca,100,36,0.006838657893240452,0.03504806011915207
Qwen/Qwen2.5-3B-Instruct,70,alpaca,100,1,0.031898438930511475,0.0995098128914833
Qwen/Qwen2.5-3B-Instruct,70,alpaca,100,2,0.003221722785383463,0.026763631030917168
Qwen/Qwen2.5-3B-Instruct,70,alpaca,100,3,0.0004909069975838065,0.0005047152517363429
Qwen/Qwen2.5-3B-Instruct,70,alpaca,100,4,0.0004909212584607303,0.0005048841703683138
Qwen/Qwen2.5-3B-Instruct,70,alpaca,100,5,0.0004914804012514651,0.0005082208663225174
Qwen/Qwen2.5-3B-Instruct,70,alpaca,100,6,0.0004921303479932249,0.0005120330606587231
Qwen/Qwen2.5-3B-Instruct,70,alpaca,100,7,0.0004931463627144694,0.0005179147701710463
Qwen/Qwen2.5-3B-Instruct,70,alpaca,100,8,0.0004942124942317605,0.0005239867023192346
Qwen/Qwen2.5-3B-Instruct,70,alpaca,100,9,0.0004956208285875618,0.0005319970077835023
Qwen/Qwen2.5-3B-Instruct,70,alpaca,100,10,0.0004966556443832815,0.0005379192880354822
Qwen/Qwen2.5-3B-Instruct,70,alpaca,100,11,0.0004973106551915407,0.0005415044724941254
Qwen/Qwen2.5-3B-Instruct,70,alpaca,100,12,0.0004989386070519686,0.0005498426617123187
Qwen/Qwen2.5-3B-Instruct,70,alpaca,100,13,0.0004993535112589598,0.000551679520867765
Qwen/Qwen2.5-3B-Instruct,70,alpaca,100,14,0.0005003444384783506,0.0005567120388150215
Qwen/Qwen2.5-3B-Instruct,70,alpaca,100,15,0.0005008248263038695,0.0005589452921412885
Qwen/Qwen2.5-3B-Instruct,70,alpaca,100,16,0.0005012838519178331,0.0005611157976090908
Qwen/Qwen2.5-3B-Instruct,70,alpaca,100,17,0.0005013844347558916,0.0005613990360870957
Qwen/Qwen2.5-3B-Instruct,70,alpaca,100,18,0.0005015021306462586,0.0005617972929030657
Qwen/Qwen2.5-3B-Instruct,70,alpaca,100,19,0.0005023501580581069,0.0005659076268784702
Qwen/Qwen2.5-3B-Instruct,70,alpaca,100,20,0.0005026662838645279,0.0005674567073583603
Qwen/Qwen2.5-3B-Instruct,70,alpaca,100,21,0.0005030573811382055,0.0005690309917554259
Qwen/Qwen2.5-3B-Instruct,70,alpaca,100,22,0.0005036184447817504,0.0005719028995372355
Qwen/Qwen2.5-3B-Instruct,70,alpaca,100,23,0.0005040249670855701,0.0005744163645431399
Qwen/Qwen2.5-3B-Instruct,70,alpaca,100,24,0.0005055439542047679,0.0005821265513077378
Qwen/Qwen2.5-3B-Instruct,70,alpaca,100,25,0.0005084085860289633,0.0005966635071672499
Qwen/Qwen2.5-3B-Instruct,70,alpaca,100,26,0.0005100878770463169,0.0006060508894734085
Qwen/Qwen2.5-3B-Instruct,70,alpaca,100,27,0.0005138500710017979,0.0006268679862841964
Qwen/Qwen2.5-3B-Instruct,70,alpaca,100,28,0.0005220138118602335,0.0006701849051751196
Qwen/Qwen2.5-3B-Instruct,70,alpaca,100,29,0.0005335446912795305,0.0007332755485549569
Qwen/Qwen2.5-3B-Instruct,70,alpaca,100,30,0.0005476026562973857,0.0008163656457327306
Qwen/Qwen2.5-3B-Instruct,70,alpaca,100,31,0.0009150183759629726,0.0037714613135904074
Qwen/Qwen2.5-3B-Instruct,70,alpaca,100,32,0.0011783798690885305,0.0067843482829630375
Qwen/Qwen2.5-3B-Instruct,70,alpaca,100,33,0.0014621277805417776,0.010516664944589138
Qwen/Qwen2.5-3B-Instruct,70,alpaca,100,34,0.0018656902248039842,0.015601016581058502
Qwen/Qwen2.5-3B-Instruct,70,alpaca,100,35,0.003060108982026577,0.027578607201576233
Qwen/Qwen2.5-3B-Instruct,70,alpaca,100,36,0.0074745118618011475,0.04165464639663696
Qwen/Qwen2.5-3B-Instruct,80,alpaca,100,1,0.0363481268286705,0.1142885684967041
Qwen/Qwen2.5-3B-Instruct,80,alpaca,100,2,0.0037912027910351753,0.03395751491189003
Qwen/Qwen2.5-3B-Instruct,80,alpaca,100,3,0.0004912877921015024,0.0005071380874142051
Qwen/Qwen2.5-3B-Instruct,80,alpaca,100,4,0.0004913168959319592,0.0005074060754850507
Qwen/Qwen2.5-3B-Instruct,80,alpaca,100,5,0.0004919621278531849,0.0005112646613270044
Qwen/Qwen2.5-3B-Instruct,80,alpaca,100,6,0.0004927116096951067,0.0005156812258064747
Qwen/Qwen2.5-3B-Instruct,80,alpaca,100,7,0.0004938708734698594,0.0005224476335570216
Qwen/Qwen2.5-3B-Instruct,80,alpaca,100,8,0.0004951011505909264,0.0005295171868056059
Qwen/Qwen2.5-3B-Instruct,80,alpaca,100,9,0.0004967108252458274,0.0005387792480178177
Qwen/Qwen2.5-3B-Instruct,80,alpaca,100,10,0.0004978904034942389,0.0005456072394736111
Qwen/Qwen2.5-3B-Instruct,80,alpaca,100,11,0.0004986667772755027,0.0005498796235769987
Qwen/Qwen2.5-3B-Instruct,80,alpaca,100,12,0.0005005314014852047,0.0005595488473773003
Qwen/Qwen2.5-3B-Instruct,80,alpaca,100,13,0.0005010880995541811,0.0005620730808004737
Qwen/Qwen2.5-3B-Instruct,80,alpaca,100,14,0.0005022120312787592,0.0005678144516423345
Qwen/Qwen2.5-3B-Instruct,80,alpaca,100,15,0.0005027835723012686,0.0005704868235625327
Qwen/Qwen2.5-3B-Instruct,80,alpaca,100,16,0.0005033183260820806,0.0005730215925723314
Qwen/Qwen2.5-3B-Instruct,80,alpaca,100,17,0.0005034151836298406,0.0005732584977522492
Qwen/Qwen2.5-3B-Instruct,80,alpaca,100,18,0.0005035406211391091,0.0005736679886467755
Qwen/Qwen2.5-3B-Instruct,80,alpaca,100,19,0.0005045296857133508,0.0005785399698652327
Qwen/Qwen2.5-3B-Instruct,80,alpaca,100,20,0.0005048888851888478,0.0005803134990856051
Qwen/Qwen2.5-3B-Instruct,80,alpaca,100,21,0.0005053444183431566,0.0005821418017148972
Qwen/Qwen2.5-3B-Instruct,80,alpaca,100,22,0.0005060116527602077,0.0005856258212588727
Qwen/Qwen2.5-3B-Instruct,80,alpaca,100,23,0.0005064839497208595,0.0005885636201128364
Qwen/Qwen2.5-3B-Instruct,80,alpaca,100,24,0.0005082308198325336,0.0005975509993731976
Qwen/Qwen2.5-3B-Instruct,80,alpaca,100,25,0.0005115760141052306,0.0006148656248115003
Qwen/Qwen2.5-3B-Instruct,80,alpaca,100,26,0.000513524457346648,0.0006259825313463807
Qwen/Qwen2.5-3B-Instruct,80,alpaca,100,27,0.0005179323488846421,0.0006509409286081791
Qwen/Qwen2.5-3B-Instruct,80,alpaca,100,28,0.00052754016360268,0.0007033076835796237
Qwen/Qwen2.5-3B-Instruct,80,alpaca,100,29,0.0005411177990026772,0.0007804088527336717
Qwen/Qwen2.5-3B-Instruct,80,alpaca,100,30,0.0005574761307798326,0.0008817185880616307
Qwen/Qwen2.5-3B-Instruct,80,alpaca,100,31,0.000932235037907958,0.004098230507224798
Qwen/Qwen2.5-3B-Instruct,80,alpaca,100,32,0.0012133996933698654,0.007556179538369179
Qwen/Qwen2.5-3B-Instruct,80,alpaca,100,33,0.001516384189017117,0.011870316229760647
Qwen/Qwen2.5-3B-Instruct,80,alpaca,100,34,0.0019385355990380049,0.017617106437683105
Qwen/Qwen2.5-3B-Instruct,80,alpaca,100,35,0.0031944813672453165,0.03133854642510414
Qwen/Qwen2.5-3B-Instruct,80,alpaca,100,36,0.007935784757137299,0.046679720282554626
Qwen/Qwen2.5-3B-Instruct,90,alpaca,100,1,0.04039463400840759,0.126848042011261
Qwen/Qwen2.5-3B-Instruct,90,alpaca,100,2,0.004403581377118826,0.041336990892887115
Qwen/Qwen2.5-3B-Instruct,90,alpaca,100,3,0.0004916653851978481,0.0005095144151709974
Qwen/Qwen2.5-3B-Instruct,90,alpaca,100,4,0.0004917068290524185,0.0005098655237816274
Qwen/Qwen2.5-3B-Instruct,90,alpaca,100,5,0.0004924414097331464,0.0005142654408700764
Qwen/Qwen2.5-3B-Instruct,90,alpaca,100,6,0.0004932862357236445,0.0005192559328861535
Qwen/Qwen2.5-3B-Instruct,90,alpaca,100,7,0.0004945803666487336,0.0005268516251817346
Qwen/Qwen2.5-3B-Instruct,90,alpaca,100,8,0.0004959736834280193,0.0005349123966880143
Qwen/Qwen2.5-3B-Instruct,90,alpaca,100,9,0.000497782661113888,0.0005454140482470393
Qwen/Qwen2.5-3B-Instruct,90,alpaca,100,10,0.0004990908782929182,0.0005530446651391685
Qwen/Qwen2.5-3B-Instruct,90,alpaca,100,11,0.0005000005476176739,0.0005580881843343377
Qwen/Qwen2.5-3B-Instruct,90,alpaca,100,12,0.0005020892131142318,0.0005690253456123173
Qwen/Qwen2.5-3B-Instruct,90,alpaca,100,13,0.0005027816514484584,0.0005722040077671409
Qwen/Qwen2.5-3B-Instruct,90,alpaca,100,14,0.0005040366086177528,0.0005786510300822556
Qwen/Qwen2.5-3B-Instruct,90,alpaca,100,15,0.0005047002923674881,0.0005817761993966997
Qwen/Qwen2.5-3B-Instruct,90,alpaca,100,16,0.0005053032073192298,0.0005846401327289641
Qwen/Qwen2.5-3B-Instruct,90,alpaca,100,17,0.0005053970380686224,0.0005848489236086607
Qwen/Qwen2.5-3B-Instruct,90,alpaca,100,18,0.0005055314395576715,0.0005852803587913513
Qwen/Qwen2.5-3B-Instruct,90,alpaca,100,19,0.0005066522862762213,0.0005908740567974746
Qwen/Qwen2.5-3B-Instruct,90,alpaca,100,20,0.0005070524639450014,0.0005928748869337142
Qwen/Qwen2.5-3B-Instruct,90,alpaca,100,21,0.0005075687076896429,0.0005949278129264712
Qwen/Qwen2.5-3B-Instruct,90,alpaca,100,22,0.0005083390860818326,0.0005990259815007448
Qwen/Qwen2.5-3B-Instruct,90,alpaca,100,23,0.0005088775069452822,0.0006023889873176813
Qwen/Qwen2.5-3B-Instruct,90,alpaca,100,24,0.0005108522018417716,0.0006126674124971032
Qwen/Qwen2.5-3B-Instruct,90,alpaca,100,25,0.0005146786570549011,0.0006328565068542957
Qwen/Qwen2.5-3B-Instruct,90,alpaca,100,26,0.0005169060314074159,0.0006457639392465353
Qwen/Qwen2.5-3B-Instruct,90,alpaca,100,27,0.0005219625309109688,0.0006749572930857539
Qwen/Qwen2.5-3B-Instruct,90,alpaca,100,28,0.0005330215208232403,0.0007367145153693855
Qwen/Qwen2.5-3B-Instruct,90,alpaca,100,29,0.000548657844774425,0.0008284918731078506
Qwen/Qwen2.5-3B-Instruct,90,alpaca,100,30,0.0005673359264619648,0.0009490845841355622
Qwen/Qwen2.5-3B-Instruct,90,alpaca,100,31,0.0009274946642108262,0.004167482256889343
Qwen/Qwen2.5-3B-Instruct,90,alpaca,100,32,0.0012090671807527542,0.007778702769428492
Qwen/Qwen2.5-3B-Instruct,90,alpaca,100,33,0.0015120378229767084,0.012318713590502739
Qwen/Qwen2.5-3B-Instruct,90,alpaca,100,34,0.0019257069798186421,0.01827702485024929
Qwen/Qwen2.5-3B-Instruct,90,alpaca,100,35,0.0031640133820474148,0.03289131820201874
Qwen/Qwen2.5-3B-Instruct,90,alpaca,100,36,0.008324441500008106,0.050773438066244125
Qwen/Qwen2.5-3B-Instruct,100,alpaca,100,1,0.04368147626519203,0.13683077692985535
Qwen/Qwen2.5-3B-Instruct,100,alpaca,100,2,0.005153102800250053,0.049351755529642105
Qwen/Qwen2.5-3B-Instruct,100,alpaca,100,3,0.0004920416977256536,0.0005118592525832355
Qwen/Qwen2.5-3B-Instruct,100,alpaca,100,4,0.0004920981009490788,0.0005123040755279362
Qwen/Qwen2.5-3B-Instruct,100,alpaca,100,5,0.0004929198767058551,0.0005172263481654227
Qwen/Qwen2.5-3B-Instruct,100,alpaca,100,6,0.0004938681377097964,0.0005228475201874971
Qwen/Qwen2.5-3B-Instruct,100,alpaca,100,7,0.0004953122697770596,0.0005313733126968145
Qwen/Qwen2.5-3B-Instruct,100,alpaca,100,8,0.0004968600114807487,0.0005403667455539107
Qwen/Qwen2.5-3B-Instruct,100,alpaca,100,9,0.0004988685250282288,0.0005521143903024495
Qwen/Qwen2.5-3B-Instruct,100,alpaca,100,10,0.0005003386759199202,0.0005607691709883511
Qwen/Qwen2.5-3B-Instruct,100,alpaca,100,11,0.000501372735016048,0.0005665345233865082
Qwen/Qwen2.5-3B-Instruct,100,alpaca,100,12,0.0005036958027631044,0.000578829669393599
Qwen/Qwen2.5-3B-Instruct,100,alpaca,100,13,0.0005045225843787193,0.0005826480337418616
Qwen/Qwen2.5-3B-Instruct,100,alpaca,100,14,0.0005059007671661675,0.0005897533847019076
Qwen/Qwen2.5-3B-Instruct,100,alpaca,100,15,0.0005066604935564101,0.0005933546926826239
Qwen/Qwen2.5-3B-Instruct,100,alpaca,100,16,0.0005073233623988926,0.000596489931922406
Qwen/Qwen2.5-3B-Instruct,100,alpaca,100,17,0.0005073998472653329,0.000596564554143697
Qwen/Qwen2.5-3B-Instruct,100,alpaca,100,18,0.0005075419321656227,0.0005970161873847246
Qwen/Qwen2.5-3B-Instruct,100,alpaca,100,19,0.0005087984027341008,0.0006033683894202113
Qwen/Qwen2.5-3B-Instruct,100,alpaca,100,20,0.0005092339124530554,0.0006055812118574977
Qwen/Qwen2.5-3B-Instruct,100,alpaca,100,21,0.0005098128458485007,0.0006078727310523391
Qwen/Qwen2.5-3B-Instruct,100,alpaca,100,22,0.0005106815951876342,0.0006125657819211483
Qwen/Qwen2.5-3B-Instruct,100,alpaca,100,23,0.0005112921935506165,0.0006163875805214047
Qwen/Qwen2.5-3B-Instruct,100,alpaca,100,24,0.0005134876701049507,0.0006279416265897453
Qwen/Qwen2.5-3B-Instruct,100,alpaca,100,25,0.0005177794955670834,0.0006509756203740835
Qwen/Qwen2.5-3B-Instruct,100,alpaca,100,26,0.0005202910397201777,0.0006657122285105288
Qwen/Qwen2.5-3B-Instruct,100,alpaca,100,27,0.0005260058678686619,0.000699306430760771
Qwen/Qwen2.5-3B-Instruct,100,alpaca,100,28,0.0005382072413340211,0.0007689084159210324
Qwen/Qwen2.5-3B-Instruct,100,alpaca,100,29,0.0005557705298997462,0.0008750499691814184
Qwen/Qwen2.5-3B-Instruct,100,alpaca,100,30,0.0005766559625044465,0.0010149950394406915
Qwen/Qwen2.5-3B-Instruct,100,alpaca,100,31,0.0009556328295730054,0.004580671899020672
Qwen/Qwen2.5-3B-Instruct,100,alpaca,100,32,0.0012621632777154446,0.008730023168027401
Qwen/Qwen2.5-3B-Instruct,100,alpaca,100,33,0.0015917952405288815,0.013942955061793327
Qwen/Qwen2.5-3B-Instruct,100,alpaca,100,34,0.002041519619524479,0.020701978355646133
Qwen/Qwen2.5-3B-Instruct,100,alpaca,100,35,0.003383888863027096,0.037044718861579895
Qwen/Qwen2.5-3B-Instruct,100,alpaca,100,36,0.008612425066530704,0.05410848930478096
